init_x,init_y,init_z,init_j1,init_j2,init_j3,init_j4,init_j5,init_j6,tgt_x,tgt_y,tgt_z,tgt_j1,tgt_j2,tgt_j3,tgt_j4,tgt_j5,tgt_j6
0.358396,0.023288,0.518860,-0.012746,-0.482378,-0.614250,-0.265178,-0.375517,-2.848809,0.483014,-0.004855,0.499610,-0.105705,-0.010466,-1.013311,-0.425461,-0.471634,-2.723135
0.318046,0.026356,0.451947,0.079547,-0.550663,-0.356023,-0.008640,-0.554011,-3.078673,0.537776,-0.006844,0.489407,-0.096414,0.180373,-1.217642,-0.417177,-0.456066,-2.727045
0.347981,0.023115,0.516268,-0.019385,-0.520672,-0.579401,-0.285047,-0.373807,-2.830711,0.487160,0.022488,0.472026,0.013674,0.030219,-0.963167,-0.138431,-0.531651,-2.973812
0.361476,0.018148,0.461833,0.000587,-0.389352,-0.509150,-0.154949,-0.567242,-2.963807,0.523781,0.007383,0.501583,-0.055081,0.116748,-1.167527,-0.336880,-0.430345,-2.792879
0.349250,-0.006625,0.452991,-0.159887,-0.408021,-0.477131,-0.428500,-0.616107,-2.756238,0.534834,-0.017492,0.505293,-0.143820,0.163521,-1.256699,-0.573819,-0.426528,-2.579319
0.337874,-0.006620,0.444453,-0.164550,-0.436033,-0.427059,-0.423405,-0.637672,-2.766227,0.535498,0.006474,0.465784,-0.042122,0.195269,-1.156246,-0.257776,-0.513064,-2.873795
0.347840,0.026510,0.489524,0.055607,-0.490118,-0.515109,-0.064359,-0.456230,-3.030882,0.574561,0.041836,0.480591,0.062896,0.304845,-1.346451,-0.051803,-0.419549,-3.040549
0.336921,0.009795,0.436082,-0.047711,-0.431967,-0.393714,-0.218871,-0.645601,-2.924373,0.543092,0.020774,0.480018,-0.000081,0.200471,-1.204368,-0.188073,-0.463469,-2.926237
0.366340,0.002794,0.438830,-0.077599,-0.319687,-0.496291,-0.263973,-0.660248,-2.893267,0.510031,0.023385,0.501559,0.006390,0.068197,-1.100582,-0.184391,-0.434456,-2.926547
0.352689,0.024336,0.460224,0.044998,-0.421087,-0.477248,-0.072843,-0.563461,-3.028238,0.549256,0.043673,0.498263,0.074657,0.202801,-1.259368,-0.023917,-0.404213,-3.064572
0.352946,0.022609,0.495731,0.011542,-0.478002,-0.544889,-0.168920,-0.443026,-2.940691,0.554232,0.049945,0.456627,0.094004,0.269336,-1.223810,0.020258,-0.506289,-3.102136
0.339106,0.014087,0.492092,-0.079306,-0.524775,-0.509239,-0.378121,-0.453371,-2.760791,0.509331,0.021802,0.460770,0.011304,0.117170,-1.035190,-0.139535,-0.546697,-2.974189
0.328349,0.006098,0.466157,-0.118413,-0.526120,-0.429605,-0.400635,-0.538199,-2.759475,0.517674,0.018496,0.493386,-0.009967,0.102589,-1.119415,-0.215223,-0.452478,-2.901835
0.333067,0.023291,0.435161,0.048916,-0.447221,-0.376078,-0.058755,-0.638141,-3.042205,0.551624,-0.012456,0.479997,-0.107731,0.238080,-1.267473,-0.434229,-0.467251,-2.714481
0.378183,0.029474,0.447390,0.070607,-0.295994,-0.540858,-0.022989,-0.623945,-3.068353,0.483822,0.046991,0.467371,0.107433,0.030640,-0.947806,0.044782,-0.543930,-3.121256
0.344398,-0.010010,0.447034,-0.179606,-0.412342,-0.455502,-0.449888,-0.638212,-2.745424,0.575925,0.011812,0.489381,-0.036875,0.301624,-1.376213,-0.311073,-0.402714,-2.811395
0.341311,0.020657,0.470418,0.012516,-0.486519,-0.460578,-0.144155,-0.517774,-2.967989,0.506739,0.041411,0.479704,0.079290,0.085183,-1.052320,-0.010133,-0.493565,-3.077125
0.326390,0.004184,0.456666,-0.121561,-0.516315,-0.405584,-0.385339,-0.570456,-2.779642,0.518063,-0.000231,0.444152,-0.057506,0.172190,-1.057252,-0.255051,-0.589606,-2.887902
0.363466,0.010433,0.447387,-0.039868,-0.351548,-0.495526,-0.212105,-0.623459,-2.926241,0.552289,0.025763,0.530444,-0.006693,0.185771,-1.339254,-0.291190,-0.319343,-2.818375
0.373097,-0.004047,0.461472,-0.128997,-0.335124,-0.562413,-0.384283,-0.595237,-2.786381,0.573893,0.004877,0.447246,-0.042148,0.342859,-1.304637,-0.258191,-0.512294,-2.873336
0.304257,0.016151,0.469639,-0.066806,-0.645233,-0.358800,-0.330978,-0.477798,-2.806201,0.547332,0.030986,0.485317,0.032452,0.208287,-1.229097,-0.120153,-0.442519,-2.982568
0.329091,0.012236,0.486543,-0.102378,-0.557162,-0.472834,-0.423676,-0.464795,-2.723202,0.573462,0.041408,0.464106,0.062969,0.319787,-1.317962,-0.047088,-0.462926,-3.045720
0.360924,0.028615,0.492959,0.067961,-0.442296,-0.561543,-0.036395,-0.457090,-3.054643,0.521007,-0.007250,0.452231,-0.082174,0.171474,-1.084385,-0.310667,-0.568245,-2.839831
0.374124,-0.008627,0.444710,-0.138166,-0.296977,-0.540283,-0.368495,-0.653869,-2.813153,0.534035,0.016837,0.499849,-0.020028,0.149986,-1.200584,-0.255216,-0.421645,-2.863390
0.317419,0.010844,0.448761,-0.066252,-0.544485,-0.355727,-0.276530,-0.576776,-2.868751,0.562989,0.030531,0.480453,0.028915,0.265182,-1.291928,-0.129935,-0.437005,-2.973794
0.363540,0.008936,0.478855,-0.075071,-0.407259,-0.554152,-0.322420,-0.520370,-2.821176,0.567543,0.018037,0.472591,-0.009629,0.289368,-1.304230,-0.213612,-0.454337,-2.903429
0.346627,-0.016984,0.433543,-0.201708,-0.368862,-0.445593,-0.453819,-0.693429,-2.759181,0.511491,0.031270,0.487485,0.039921,0.089056,-1.081641,-0.097135,-0.469894,-3.003751
0.379003,0.025256,0.511408,0.023980,-0.396350,-0.655484,-0.149471,-0.412753,-2.955103,0.547046,0.022450,0.454784,0.010504,0.244914,-1.185913,-0.146606,-0.524043,-2.966526
0.375602,0.009534,0.490802,-0.075620,-0.378574,-0.615603,-0.342860,-0.489549,-2.798173,0.567684,0.014000,0.525294,-0.054078,0.247065,-1.416580,-0.450092,-0.320144,-2.670925
0.335914,0.022542,0.495601,0.005542,-0.547414,-0.495075,-0.190500,-0.424663,-2.920304,0.501735,0.035406,0.486662,0.057777,0.058923,-1.041646,-0.056876,-0.478582,-3.037935
0.364738,0.028814,0.444586,0.072427,-0.340717,-0.492508,-0.019795,-0.627542,-3.070786,0.534143,0.038011,0.484017,0.059636,0.167564,-1.170470,-0.055017,-0.458343,-3.038879
0.309061,0.012813,0.450299,-0.059360,-0.586515,-0.332683,-0.272152,-0.557027,-2.868918,0.484602,0.029109,0.459355,0.040853,0.041191,-0.935527,-0.080035,-0.567695,-3.022789
0.358210,0.010496,0.501767,-0.102904,-0.457648,-0.592373,-0.441915,-0.446807,-2.703188,0.515269,0.044310,0.482770,0.087247,0.109516,-1.092069,0.006753,-0.478138,-3.091163
0.351541,0.018184,0.497089,-0.034305,-0.483778,-0.548722,-0.277871,-0.442349,-2.846395,0.490322,-0.013296,0.451566,-0.107456,0.078644,-0.964483,-0.341636,-0.600227,-2.821585
0.324378,0.026333,0.448067,0.075151,-0.514098,-0.368943,-0.016323,-0.577697,-3.072833,0.500089,0.040230,0.450781,0.077458,0.105400,-0.987209,-0.012103,-0.578903,-3.076121
0.339645,0.028729,0.441412,0.084769,-0.433225,-0.406994,0.001109,-0.620462,-3.086344,0.569172,0.000376,0.442113,-0.053454,0.335429,-1.278423,-0.271641,-0.532833,-2.865390
0.378792,0.020558,0.512368,-0.017993,-0.397069,-0.661397,-0.254827,-0.413585,-2.862715,0.568575,0.008933,0.475542,-0.039093,0.291100,-1.318561,-0.285661,-0.448330,-2.840498
0.294437,0.015938,0.439717,-0.026165,-0.634704,-0.266769,-0.204744,-0.568066,-2.924498,0.487894,0.038734,0.531908,0.071621,-0.033678,-1.068275,-0.035371,-0.358922,-3.053780
0.344454,0.013729,0.475038,-0.049435,-0.479258,-0.484456,-0.273520,-0.511994,-2.860532,0.575692,-0.010000,0.472597,-0.095487,0.324594,-1.364720,-0.417582,-0.453130,-2.726069
0.324839,0.027026,0.532470,0.096905,-0.632338,-0.543779,0.045229,-0.284831,-3.127506,0.512554,-0.007627,0.502480,-0.111378,0.085466,-1.139612,-0.463706,-0.446314,-2.683693
0.332273,0.022697,0.436584,0.044409,-0.454143,-0.375623,-0.066848,-0.631894,-3.035947,0.508385,0.013887,0.442036,-0.011521,0.143206,-1.009738,-0.168812,-0.600300,-2.956423
0.376977,-0.010300,0.437108,-0.138677,-0.269891,-0.538812,-0.356434,-0.680703,-2.828948,0.530797,-0.004783,0.476209,-0.083120,0.170771,-1.160737,-0.355271,-0.495653,-2.788750
0.332609,0.010657,0.438096,-0.045382,-0.455006,-0.382888,-0.218606,-0.633306,-2.922746,0.533189,-0.000902,0.440636,-0.057629,0.224643,-1.116827,-0.257988,-0.582741,-2.884470
0.292160,0.017850,0.439053,-0.003710,-0.645211,-0.257269,-0.163851,-0.563846,-2.956428,0.501231,-0.015123,0.446940,-0.109021,0.120572,-1.002581,-0.342417,-0.604241,-2.821842
0.350819,0.000102,0.463207,-0.127937,-0.425706,-0.494175,-0.395289,-0.574252,-2.772400,0.530348,0.044582,0.441734,0.083692,0.214440,-1.101570,-0.000785,-0.573552,-3.084902
0.320413,0.021061,0.433166,0.035286,-0.497328,-0.333066,-0.082241,-0.631769,-3.024510,0.525102,0.037525,0.456423,0.062013,0.174612,-1.094695,-0.042672,-0.540969,-3.051381
0.331817,0.028350,0.466309,0.087666,-0.518190,-0.423381,0.007102,-0.519120,-3.091288,0.518208,-0.013417,0.455013,-0.103288,0.161105,-1.081580,-0.352236,-0.566542,-2.805791
0.307035,0.011649,0.457248,-0.086620,-0.608221,-0.343791,-0.339182,-0.532326,-2.809496,0.578962,0.021709,0.441068,0.006898,0.365508,-1.315316,-0.156086,-0.515776,-2.958038
0.298294,0.030129,0.532177,0.036127,-0.743971,-0.479718,-0.200686,-0.241529,-2.895826,0.513357,0.003171,0.434413,-0.044381,0.172395,-1.024900,-0.221340,-0.618883,-2.918551
0.369038,0.033020,0.495179,0.099876,-0.412427,-0.591891,0.035521,-0.456600,-3.115653,0.490523,0.024719,0.466966,0.022635,0.048333,-0.968740,-0.118432,-0.543171,-2.990822
0.368389,0.004766,0.494077,-0.118900,-0.406336,-0.609407,-0.445513,-0.483659,-2.708347,0.499035,0.051010,0.468712,0.116341,0.078588,-1.010471,0.063416,-0.529618,-3.136689
0.336354,0.019017,0.500762,-0.049811,-0.549388,-0.515615,-0.335080,-0.415394,-2.792012,0.566187,0.003498,0.486839,-0.061214,0.273339,-1.331679,-0.356549,-0.425046,-2.774595
0.379342,0.021327,0.484458,0.011257,-0.359229,-0.604805,-0.151167,-0.501170,-2.960792,0.499414,0.028930,0.448247,0.038920,0.105423,-0.979598,-0.081056,-0.587911,-3.023033
0.377155,-0.002756,0.452954,-0.111453,-0.305578,-0.558302,-0.337880,-0.621953,-2.829303,0.497158,0.040622,0.459379,0.079522,0.082996,-0.986372,-0.008641,-0.557322,-3.078690
0.360810,-0.010614,0.453440,-0.169766,-0.361415,-0.517275,-0.440650,-0.625177,-2.749030,0.537515,0.034226,0.458061,0.048628,0.210925,-1.148516,-0.070530,-0.524099,-3.028360
0.339099,0.020314,0.493177,-0.015664,-0.530227,-0.501410,-0.235032,-0.439125,-2.883169,0.526277,-0.011826,0.505127,-0.125894,0.131227,-1.209611,-0.518992,-0.430932,-2.630394
0.374538,0.026164,0.452674,0.052307,-0.321084,-0.535986,-0.055667,-0.604281,-3.043216,0.503170,-0.001261,0.464488,-0.069268,0.095960,-1.025158,-0.294943,-0.549637,-2.849157
0.318721,0.018811,0.446111,0.009475,-0.535706,-0.349027,-0.135691,-0.579859,-2.980081,0.546196,0.045692,0.481003,0.082901,0.211909,-1.219729,-0.002770,-0.452863,-3.083158
0.376490,0.003760,0.442892,-0.069963,-0.291057,-0.534862,-0.255057,-0.649207,-2.897939,0.571519,0.030488,0.468506,0.029362,0.306848,-1.313986,-0.123735,-0.456407,-2.980408
0.327842,0.005344,0.437517,-0.087065,-0.471340,-0.371311,-0.288838,-0.636490,-2.870102,0.545038,0.034014,0.445402,0.047621,0.252530,-1.165841,-0.069625,-0.548376,-3.030117
0.376300,-0.013418,0.446779,-0.162490,-0.289747,-0.555826,-0.410740,-0.653061,-2.780385,0.520273,0.010733,0.517683,-0.053345,0.089982,-1.184181,-0.367236,-0.389058,-2.758885
0.310603,0.016525,0.473485,-0.058573,-0.622749,-0.383618,-0.315209,-0.473379,-2.818968,0.529056,0.005380,0.457149,-0.042957,0.186474,-1.117155,-0.246425,-0.542572,-2.887498
0.298949,0.020757,0.477986,-0.028955,-0.685710,-0.357088,-0.271641,-0.431184,-2.850265,0.507508,0.016072,0.504752,-0.023653,0.057538,-1.100014,-0.259167,-0.430298,-2.861047
0.368458,0.013332,0.486085,-0.048826,-0.401058,-0.579568,-0.280694,-0.495592,-2.851948,0.575960,0.046304,0.487717,0.076664,0.303181,-1.365138,-0.019086,-0.398785,-3.068751
0.305841,0.003880,0.449125,-0.148128,-0.590820,-0.334575,-0.433644,-0.575683,-2.741241,0.497155,0.038014,0.444878,0.070759,0.105285,-0.968170,-0.023592,-0.597917,-3.067494
0.332766,0.028461,0.485975,0.089046,-0.547020,-0.463363,0.011246,-0.450322,-3.095094,0.559914,0.007532,0.502521,-0.056624,0.237020,-1.329975,-0.374250,-0.391272,-2.752933
0.334657,0.022856,0.446175,0.042420,-0.466316,-0.397793,-0.073687,-0.597741,-3.029191,0.572009,-0.002499,0.472286,-0.072866,0.309419,-1.338517,-0.360642,-0.455960,-2.776560
0.301772,0.004718,0.436005,-0.124670,-0.582804,-0.293561,-0.365803,-0.613711,-2.805514,0.545712,0.021366,0.450482,0.008058,0.246650,-1.174926,-0.148192,-0.536918,-2.966374
0.341813,0.025901,0.473045,0.057754,-0.488817,-0.465624,-0.054005,-0.506821,-3.041209,0.483907,0.020060,0.497921,-0.003405,-0.013620,-0.992953,-0.196406,-0.461378,-2.918920
0.353618,0.025510,0.498995,0.038428,-0.479885,-0.551902,-0.108868,-0.431029,-2.991602,0.538398,-0.004976,0.478069,-0.084022,0.193408,-1.196988,-0.366112,-0.483181,-2.777023
0.340970,0.026678,0.528006,-0.007384,-0.559783,-0.586481,-0.287127,-0.326441,-2.822957,0.517947,0.006820,0.505927,-0.060046,0.093572,-1.152636,-0.354422,-0.424013,-2.776300
0.375754,0.016034,0.506851,-0.049289,-0.400560,-0.645147,-0.320134,-0.433529,-2.808130,0.511965,0.033414,0.525322,0.039757,0.051926,-1.149949,-0.123760,-0.365103,-2.974754
0.345707,0.013636,0.473816,-0.047829,-0.472166,-0.485692,-0.267589,-0.517285,-2.866287,0.534928,0.041102,0.440325,0.071768,0.229927,-1.118282,-0.022664,-0.572435,-3.067831
0.282977,0.012055,0.452781,-0.134904,-0.713085,-0.275197,-0.454549,-0.514170,-2.707905,0.498813,-0.010505,0.509481,-0.130979,0.035948,-1.105282,-0.520101,-0.441006,-2.631849
0.378613,0.019368,0.501543,-0.015480,-0.385044,-0.637751,-0.230321,-0.447694,-2.888278,0.564592,-0.001954,0.454927,-0.064198,0.304693,-1.275664,-0.306417,-0.508516,-2.832447
0.342023,0.023794,0.526594,-0.063572,-0.550227,-0.599949,-0.452142,-0.341340,-2.672776,0.513321,0.038508,0.495180,0.065854,0.087043,-1.101822,-0.042077,-0.446229,-3.049577
0.366398,0.011622,0.487455,-0.063945,-0.410045,-0.578183,-0.315571,-0.492023,-2.821854,0.546876,0.035372,0.463584,0.049933,0.233460,-1.196158,-0.071049,-0.498980,-3.026893
0.367057,-0.003830,0.433751,-0.109965,-0.302565,-0.495929,-0.308350,-0.683615,-2.865194,0.571742,-0.011052,0.504200,-0.120667,0.286740,-1.419655,-0.573199,-0.381885,-2.568844
0.364253,-0.002964,0.475350,-0.146828,-0.391054,-0.563862,-0.451441,-0.548555,-2.719302,0.569704,0.017925,0.532651,-0.048190,0.249573,-1.442884,-0.465544,-0.296390,-2.652359
0.336218,0.029477,0.501616,0.101866,-0.553503,-0.505887,0.045127,-0.401641,-3.125088,0.496257,0.031277,0.480927,0.043970,0.047932,-1.011066,-0.083471,-0.498923,-3.016630
0.378666,0.011233,0.479121,-0.051109,-0.351309,-0.598913,-0.270446,-0.525361,-2.865184,0.543682,0.022143,0.484033,0.003318,0.197754,-1.212820,-0.184725,-0.451960,-2.927950
0.363123,0.021067,0.465155,0.018808,-0.389252,-0.519088,-0.123306,-0.555515,-2.987848,0.531930,-0.018563,0.483305,-0.131534,0.173432,-1.193944,-0.474506,-0.484156,-2.683097
0.356233,0.029818,0.508027,0.081512,-0.480134,-0.577684,-0.006613,-0.402871,-3.079719,0.566597,0.050327,0.512571,0.093798,0.249964,-1.364931,0.028375,-0.345838,-3.111137
0.327468,0.016190,0.454919,-0.018104,-0.515312,-0.392527,-0.191929,-0.560576,-2.933761,0.520048,0.032297,0.436348,0.047498,0.188897,-1.050104,-0.064456,-0.600370,-3.036366
0.368286,-0.001370,0.455080,-0.112077,-0.343248,-0.532740,-0.344637,-0.610703,-2.821516,0.519300,0.026842,0.458521,0.027535,0.152048,-1.072449,-0.109044,-0.542735,-2.998317
0.341156,0.028019,0.459018,0.078140,-0.464988,-0.439331,-0.011254,-0.556389,-3.076620,0.484124,0.048441,0.476509,0.113600,0.019045,-0.962620,0.059216,-0.517813,-3.133715
0.337122,0.017937,0.460070,-0.003992,-0.484657,-0.430160,-0.167638,-0.551717,-2.952170,0.522568,0.004399,0.486783,-0.057807,0.128914,-1.136865,-0.314553,-0.471673,-2.819244
0.333192,0.010875,0.489410,-0.114200,-0.542458,-0.493793,-0.453401,-0.463442,-2.696743,0.524803,0.026798,0.491087,0.020391,0.127998,-1.142423,-0.145972,-0.450208,-2.960981
0.348665,-0.013992,0.433107,-0.182089,-0.362963,-0.447256,-0.422605,-0.691227,-2.782183,0.526092,0.000137,0.485378,-0.071612,0.143360,-1.152659,-0.344364,-0.474174,-2.794036
0.348953,0.000809,0.442916,-0.104002,-0.394459,-0.449264,-0.316821,-0.639235,-2.849307,0.544876,0.004288,0.434941,-0.040237,0.268396,-1.158262,-0.226269,-0.581751,-2.909342
0.301699,0.021673,0.450614,0.036069,-0.624876,-0.304583,-0.094083,-0.533034,-3.009749,0.521415,0.033049,0.478955,0.045629,0.131833,-1.109244,-0.082192,-0.484581,-3.017016
0.285418,0.019526,0.465394,-0.048171,-0.731040,-0.295044,-0.304955,-0.451849,-2.824308,0.577201,0.050084,0.532567,0.090527,0.272509,-1.453788,0.023060,-0.279459,-3.106967
0.313109,-0.001279,0.443328,-0.165518,-0.541831,-0.348405,-0.440698,-0.613333,-2.745662,0.570882,0.051975,0.445739,0.095299,0.337609,-1.287200,0.022710,-0.511194,-3.104083
0.321867,0.022552,0.496315,-0.007842,-0.607702,-0.458376,-0.234283,-0.404054,-2.879709,0.550942,0.027832,0.524880,0.006269,0.184346,-1.318518,-0.237386,-0.334906,-2.869508
0.313926,0.024505,0.489793,0.040182,-0.635530,-0.417548,-0.109811,-0.409700,-2.989598,0.561683,-0.010187,0.446392,-0.085251,0.308948,-1.256522,-0.334132,-0.536147,-2.814437
0.313072,0.013973,0.470859,-0.078675,-0.605716,-0.388118,-0.348824,-0.490739,-2.793304,0.487961,0.028724,0.441077,0.040844,0.081611,-0.926400,-0.074371,-0.617094,-3.029620
0.373390,0.037298,0.433462,0.115622,-0.280296,-0.509018,0.050306,-0.671930,-3.121406,0.553368,0.034636,0.516589,0.036746,0.198607,-1.309542,-0.136669,-0.352645,-2.962417
0.330642,0.025976,0.433547,0.069979,-0.452916,-0.366281,-0.023485,-0.641605,-3.068265,0.508980,0.031314,0.444748,0.045639,0.141067,-1.013986,-0.068905,-0.588777,-3.032449
0.368815,0.016846,0.443111,0.001059,-0.323134,-0.504117,-0.138950,-0.637676,-2.982839,0.569461,-0.003100,0.443236,-0.063690,0.335765,-1.283356,-0.293357,-0.530730,-2.847157
0.362096,0.027576,0.489439,0.059177,-0.432821,-0.558410,-0.054756,-0.470022,-3.039450,0.500006,-0.014438,0.477881,-0.121868,0.073975,-1.046489,-0.418396,-0.523963,-2.741154
0.317998,0.021162,0.444840,0.031820,-0.536165,-0.343971,-0.094591,-0.582451,-3.012248,0.501249,0.049327,0.468669,0.109454,0.085030,-1.018206,0.049989,-0.528014,-3.125897
0.333046,0.025768,0.502013,0.043866,-0.568138,-0.497782,-0.103729,-0.396590,-2.994248,0.525935,-0.009252,0.489755,-0.105999,0.142297,-1.169982,-0.429254,-0.468182,-2.719052
0.333225,0.000833,0.446962,-0.124056,-0.466339,-0.409275,-0.364404,-0.614245,-2.806744,0.499552,0.047299,0.440117,0.101491,0.123086,-0.975551,0.030207,-0.608414,-3.108378
0.299847,0.013814,0.442681,-0.048704,-0.614036,-0.290186,-0.246648,-0.569339,-2.891354,0.578589,0.047853,0.451173,0.081396,0.354068,-1.327779,-0.005785,-0.486977,-3.080703
0.375732,0.019899,0.513897,-0.027383,-0.409846,-0.656838,-0.282564,-0.407833,-2.837455,0.482409,0.012846,0.448281,-0.016018,0.051999,-0.914953,-0.175740,-0.604408,-2.951561
0.296576,0.032890,0.524574,-0.023119,-0.742512,-0.470919,-0.413053,-0.268213,-2.697611,0.498646,0.035066,0.458578,0.059521,0.087731,-0.989895,-0.046113,-0.558963,-3.049137
0.337745,0.019123,0.477502,-0.008502,-0.512929,-0.464678,-0.196348,-0.490621,-2.922126,0.558300,-0.013884,0.450187,-0.097560,0.294613,-1.249411,-0.361353,-0.532767,-2.791121
0.326640,0.018034,0.469160,-0.015699,-0.546046,-0.416081,-0.205424,-0.506973,-2.916430,0.528628,0.030279,0.504801,0.029113,0.126155,-1.181040,-0.137794,-0.409091,-2.965066
0.358987,0.024007,0.526068,-0.021030,-0.486280,-0.634648,-0.305407,-0.354279,-2.809708,0.495983,-0.001925,0.486076,-0.082863,0.045446,-1.033235,-0.353365,-0.497620,-2.790757
0.372245,0.033122,0.495599,0.098067,-0.400695,-0.602630,0.031382,-0.457541,-3.112124,0.565618,-0.013535,0.436048,-0.091040,0.336641,-1.263955,-0.333884,-0.556815,-2.818741
0.375569,0.017231,0.510077,-0.044509,-0.405267,-0.650820,-0.316242,-0.422372,-2.809794,0.562695,0.047987,0.484182,0.085908,0.263029,-1.298731,0.004308,-0.424983,-3.089240
0.374667,-0.001810,0.443731,-0.101215,-0.297026,-0.534241,-0.307250,-0.650455,-2.858945,0.485207,0.019875,0.518674,-0.014636,-0.030800,-1.037852,-0.252543,-0.402985,-2.863424
0.328795,0.021577,0.439683,0.035701,-0.476571,-0.369323,-0.083316,-0.616296,-3.022842,0.509910,0.049401,0.433735,0.104764,0.166172,-1.011117,0.035514,-0.616010,-3.112216
0.370676,0.026956,0.439033,0.059781,-0.306434,-0.504113,-0.039952,-0.650487,-3.056412,0.516536,0.040952,0.445976,0.075638,0.164263,-1.047929,-0.015452,-0.577067,-3.073504
0.344107,0.014167,0.499253,-0.086350,-0.512755,-0.541601,-0.409819,-0.436921,-2.729602,0.489434,-0.014072,0.440492,-0.105872,0.093786,-0.946614,-0.323753,-0.631035,-2.842233
0.354657,0.025371,0.454550,0.053006,-0.401795,-0.474361,-0.056004,-0.585195,-3.042262,0.525484,0.038329,0.486304,0.062699,0.136842,-1.137658,-0.047940,-0.460296,-3.044930
0.355520,-0.007484,0.452858,-0.157379,-0.382960,-0.496425,-0.421085,-0.620563,-2.763379,0.549806,0.026579,0.504386,0.011339,0.197148,-1.273176,-0.190887,-0.390776,-2.916785
0.351816,-0.003082,0.468768,-0.154370,-0.428254,-0.513636,-0.455519,-0.562947,-2.719684,0.580731,0.014430,0.434222,-0.012535,0.380974,-1.317803,-0.190461,-0.531272,-2.931539
0.312385,0.006680,0.446089,-0.105793,-0.558384,-0.340973,-0.345534,-0.587064,-2.815623,0.493563,0.034751,0.467426,0.058953,0.058413,-0.981551,-0.048826,-0.538029,-3.046365
0.324882,0.009696,0.469927,-0.099460,-0.549726,-0.423703,-0.376572,-0.515953,-2.774793,0.574998,0.042145,0.485036,0.063424,0.301736,-1.355337,-0.051915,-0.407547,-3.040138
0.330431,0.020136,0.489817,-0.019412,-0.561920,-0.469650,-0.243570,-0.439952,-2.875865,0.560804,0.005259,0.514974,-0.074456,0.232409,-1.367235,-0.462423,-0.359484,-2.666652
0.312435,0.019566,0.459809,0.004031,-0.592782,-0.354765,-0.161173,-0.518376,-2.954110,0.481306,0.041368,0.526476,0.088111,-0.050294,-1.033525,0.010776,-0.376882,-3.095091
0.336700,0.009030,0.449980,-0.064967,-0.463321,-0.416922,-0.266217,-0.595744,-2.880161,0.563424,0.034483,0.494854,0.039160,0.251985,-1.316550,-0.115401,-0.398386,-2.984064
0.323996,0.022652,0.458303,0.038588,-0.538041,-0.385172,-0.088237,-0.539071,-3.014787,0.486892,-0.000445,0.488096,-0.080115,0.012868,-1.000343,-0.347686,-0.497127,-2.795495
0.364513,0.000707,0.433431,-0.086696,-0.313574,-0.483796,-0.272040,-0.679929,-2.891012,0.487762,0.026806,0.517025,0.017840,-0.021521,-1.040455,-0.168407,-0.403583,-2.937766
0.290779,0.026223,0.453056,0.113501,-0.682367,-0.277479,0.060760,-0.501566,-3.135549,0.488031,-0.018777,0.435495,-0.119971,0.099813,-0.938522,-0.340331,-0.647819,-2.833239
0.299538,0.025783,0.461943,0.092762,-0.657272,-0.319220,0.018448,-0.484248,-3.100885,0.493461,0.036255,0.456430,0.065084,0.074885,-0.967061,-0.035133,-0.568766,-3.058018
0.307603,0.006813,0.458473,-0.136692,-0.602914,-0.356708,-0.436590,-0.540747,-2.729834,0.568718,0.031359,0.516232,0.019905,0.251598,-1.381207,-0.194249,-0.336722,-2.909048
0.379419,0.014605,0.496822,-0.045203,-0.374473,-0.634690,-0.288474,-0.467351,-2.840942,0.499290,-0.013765,0.498595,-0.133636,0.049053,-1.085524,-0.493017,-0.470865,-2.663478
0.305570,0.002475,0.435718,-0.136772,-0.562622,-0.306477,-0.381973,-0.623859,-2.795222,0.576220,0.010789,0.481616,-0.036574,0.310171,-1.364253,-0.296336,-0.422204,-2.827320
0.355399,0.032561,0.480613,0.105594,-0.444087,-0.522579,0.044988,-0.494413,-3.122741,0.555169,0.003678,0.487185,-0.060246,0.235978,-1.280700,-0.344175,-0.437543,-2.787688
0.352275,0.024139,0.467606,0.041427,-0.436621,-0.488449,-0.083009,-0.537026,-3.018880,0.492813,0.026933,0.491877,0.025617,0.022594,-1.015052,-0.128319,-0.471367,-2.977548
0.365207,0.012420,0.501605,-0.078861,-0.432447,-0.607331,-0.381578,-0.447875,-2.756699,0.495662,0.022597,0.461401,0.015356,0.072892,-0.981473,-0.129826,-0.555620,-2.982676
0.371980,0.008902,0.489883,-0.081581,-0.390604,-0.603518,-0.354871,-0.491308,-2.788248,0.492883,0.030604,0.449563,0.045741,0.083055,-0.955562,-0.068679,-0.589184,-3.032641
0.288407,0.024084,0.473904,0.073484,-0.733298,-0.311636,-0.026179,-0.415755,-3.062744,0.540054,-0.003630,0.505359,-0.096423,0.172441,-1.258837,-0.462358,-0.411603,-2.677271
0.281057,0.022595,0.509924,0.097254,-0.811994,-0.375561,0.048354,-0.273421,-3.130619,0.533200,0.011410,0.455508,-0.023292,0.200833,-1.129904,-0.208539,-0.540587,-2.917972
0.343664,0.012024,0.497156,-0.102381,-0.510381,-0.539096,-0.440316,-0.447104,-2.704672,0.511325,-0.005176,0.505014,-0.104669,0.077849,-1.137197,-0.454221,-0.439064,-2.690533
0.371579,0.029421,0.508609,0.065939,-0.421173,-0.625293,-0.044874,-0.414568,-3.046452,0.539200,-0.000498,0.509030,-0.088410,0.165175,-1.259598,-0.452073,-0.401265,-2.684429
0.374293,-0.000214,0.485854,-0.132591,-0.370432,-0.613499,-0.446815,-0.517324,-2.715308,0.532893,0.044740,0.468934,0.083478,0.183716,-1.145412,-0.001333,-0.498986,-3.084414
0.364284,0.009720,0.476981,-0.067151,-0.401944,-0.551662,-0.303010,-0.525808,-2.838312,0.524910,-0.002566,0.508652,-0.096274,0.118568,-1.199073,-0.456077,-0.416826,-2.684054
0.360845,0.006313,0.465085,-0.080343,-0.393966,-0.520943,-0.308338,-0.565897,-2.841266,0.555660,-0.018658,0.460313,-0.116021,0.275806,-1.257604,-0.413933,-0.513513,-2.742522
0.344667,0.020232,0.507917,-0.040511,-0.524095,-0.554111,-0.322613,-0.400274,-2.800735,0.527834,0.038954,0.524922,0.059870,0.106035,-1.214040,-0.069681,-0.353433,-3.022814
0.314355,0.012468,0.445723,-0.050865,-0.552615,-0.339395,-0.245931,-0.581599,-2.893815,0.518128,-0.015372,0.507249,-0.141548,0.104874,-1.185953,-0.554995,-0.435675,-2.598873
0.283116,0.011036,0.450700,-0.140611,-0.707551,-0.272025,-0.458444,-0.524099,-2.707059,0.496065,0.005102,0.510523,-0.071795,0.017498,-1.076130,-0.380893,-0.428097,-2.753562
0.346587,0.006903,0.439495,-0.064239,-0.399408,-0.431377,-0.247377,-0.643446,-2.902708,0.534472,-0.019203,0.433224,-0.110063,0.245876,-1.125959,-0.343238,-0.606325,-2.821651
0.325469,0.023685,0.440180,0.053384,-0.491894,-0.359551,-0.053351,-0.609852,-3.045173,0.532066,0.009896,0.451031,-0.026928,0.203792,-1.119887,-0.210953,-0.553882,-2.917720
0.330406,0.009427,0.480723,-0.113615,-0.541908,-0.465731,-0.428584,-0.489035,-2.724338,0.542359,0.002244,0.492221,-0.067513,0.189008,-1.233939,-0.360574,-0.439521,-2.773610
0.316967,0.001842,0.437596,-0.126252,-0.515769,-0.343022,-0.359703,-0.630569,-2.814280,0.518927,-0.001925,0.446810,-0.063631,0.171283,-1.065103,-0.269249,-0.582380,-2.875496
0.326489,0.020793,0.450667,0.024950,-0.511371,-0.379984,-0.108816,-0.571830,-3.000467,0.504686,-0.017617,0.463813,-0.123849,0.108384,-1.043984,-0.397639,-0.558490,-2.766707
0.328247,0.030383,0.464221,0.110495,-0.528655,-0.409746,0.052508,-0.522838,-3.128094,0.538583,0.036136,0.515874,0.046867,0.149407,-1.242735,-0.102794,-0.369054,-2.993726
0.366956,0.017220,0.518172,-0.067975,-0.444871,-0.648875,-0.402704,-0.394357,-2.727789,0.504629,0.009039,0.463179,-0.033165,0.099945,-1.023321,-0.225180,-0.547846,-2.905464
0.356377,0.007912,0.466505,-0.074406,-0.414636,-0.508553,-0.301529,-0.556586,-2.845049,0.485087,0.010869,0.520791,-0.057106,-0.030336,-1.050672,-0.365126,-0.402564,-2.763070
0.365570,0.031407,0.517273,0.091166,-0.453579,-0.625375,0.018796,-0.381787,-3.102176,0.572199,-0.009636,0.478806,-0.097751,0.306641,-1.359111,-0.433034,-0.442694,-2.710188
0.325108,0.020835,0.485188,-0.006977,-0.578720,-0.443130,-0.210702,-0.447029,-2.905114,0.519135,0.028336,0.488472,0.027519,0.112546,-1.114525,-0.126542,-0.461721,-2.978380
0.332513,0.013883,0.475128,-0.059243,-0.528758,-0.450285,-0.300919,-0.499588,-2.835547,0.546340,0.045445,0.485798,0.081994,0.206857,-1.227435,-0.004961,-0.440108,-3.081261
0.378114,0.005284,0.483455,-0.092707,-0.356855,-0.612085,-0.360771,-0.518132,-2.788581,0.514427,-0.005702,0.491406,-0.096539,0.101271,-1.121251,-0.403654,-0.471962,-2.742239
0.366953,0.024225,0.460949,0.040655,-0.366405,-0.523991,-0.079907,-0.571634,-3.023087,0.522475,0.012117,0.529935,-0.058875,0.088456,-1.222366,-0.420545,-0.354280,-2.704302
0.366548,0.018389,0.486072,-0.012561,-0.410081,-0.569345,-0.205480,-0.489509,-2.914347,0.498492,-0.005469,0.449553,-0.078584,0.104383,-0.988067,-0.291181,-0.595327,-2.860472
0.378653,-0.001952,0.463140,-0.114472,-0.318898,-0.580632,-0.360582,-0.589248,-2.804031,0.571562,0.007262,0.497790,-0.055871,0.280874,-1.376044,-0.374358,-0.388962,-2.752443
0.284107,0.018584,0.453018,-0.027677,-0.716198,-0.262434,-0.236463,-0.493031,-2.888785,0.485050,0.028965,0.498457,0.033687,-0.010670,-0.995878,-0.113891,-0.456560,-2.988795
0.307348,0.014922,0.467886,-0.071766,-0.627479,-0.364462,-0.333657,-0.490588,-2.806216,0.534632,0.003184,0.515850,-0.080866,0.143007,-1.251143,-0.448445,-0.385992,-2.684654
0.352675,0.026051,0.469130,0.055601,-0.437502,-0.492237,-0.055939,-0.531582,-3.040442,0.578014,0.025320,0.496592,0.004132,0.300020,-1.391090,-0.217235,-0.377335,-2.892014
0.366262,0.036595,0.454383,0.119696,-0.352432,-0.514580,0.063151,-0.594525,-3.133908,0.560041,0.003549,0.519445,-0.084938,0.228274,-1.378984,-0.509583,-0.349888,-2.621014
0.371009,0.013665,0.436898,-0.014458,-0.300863,-0.503529,-0.159812,-0.661961,-2.970008,0.509839,0.032762,0.485492,0.046111,0.086272,-1.071910,-0.082463,-0.476349,-3.016408
0.373767,0.005857,0.436956,-0.056490,-0.289032,-0.516016,-0.227057,-0.667136,-2.921645,0.508139,0.015160,0.480892,-0.017235,0.086650,-1.061389,-0.213344,-0.494899,-2.908395
0.318862,0.017917,0.466901,-0.019382,-0.576205,-0.389087,-0.214059,-0.504506,-2.908966,0.482885,0.024902,0.494807,0.017953,-0.013584,-0.982123,-0.145893,-0.469026,-2.962529
0.373853,0.029822,0.486182,0.071736,-0.381987,-0.589288,-0.026178,-0.489541,-3.063782,0.527040,-0.007535,0.472747,-0.090852,0.163809,-1.141321,-0.362560,-0.509573,-2.785327
0.308592,0.020818,0.437246,0.033374,-0.561405,-0.302598,-0.089606,-0.598405,-3.017042,0.522166,-0.001828,0.508631,-0.093839,0.109049,-1.186374,-0.447452,-0.418750,-2.692232
0.325822,0.005921,0.472274,-0.135442,-0.545703,-0.438610,-0.452439,-0.518011,-2.710655,0.513140,0.038299,0.484573,0.065882,0.098966,-1.084468,-0.039605,-0.475481,-3.052319
0.370374,0.021997,0.465781,0.024237,-0.362357,-0.543156,-0.112603,-0.557821,-2.996510,0.568743,-0.008399,0.444426,-0.079153,0.333534,-1.285330,-0.324947,-0.530548,-2.820976
0.331251,0.021174,0.458737,0.023866,-0.507345,-0.408456,-0.115198,-0.547632,-2.993729,0.511032,0.022521,0.462854,0.013207,0.119569,-1.044739,-0.137533,-0.539405,-2.975183
0.337579,0.020741,0.515391,-0.071778,-0.558023,-0.560120,-0.436708,-0.373460,-2.692960,0.557319,0.003927,0.441477,-0.042924,0.297843,-1.221281,-0.243474,-0.549592,-2.890929
0.370473,-0.002003,0.465327,-0.123474,-0.352813,-0.559606,-0.383189,-0.579814,-2.783591,0.554334,0.035189,0.505419,0.041575,0.211532,-1.293273,-0.113900,-0.381080,-2.984438
0.373236,-0.011824,0.444402,-0.155164,-0.297342,-0.540281,-0.395271,-0.658233,-2.793736,0.549139,0.002837,0.488076,-0.063318,0.215337,-1.255730,-0.347925,-0.442521,-2.785256
0.316516,0.024645,0.474616,0.055589,-0.601063,-0.393125,-0.062985,-0.467247,-3.032427,0.558061,0.011112,0.498397,-0.041679,0.233009,-1.309211,-0.323968,-0.402499,-2.799866
0.351527,-0.013884,0.436875,-0.181793,-0.360465,-0.462394,-0.428546,-0.679626,-2.774248,0.529148,0.029716,0.442006,0.037327,0.207688,-1.093803,-0.085439,-0.576114,-3.019002
0.346373,0.013302,0.498546,-0.089390,-0.502387,-0.547135,-0.412363,-0.442407,-2.728458,0.517611,-0.015733,0.435963,-0.103532,0.188466,-1.055439,-0.326165,-0.617065,-2.837378
0.368627,-0.006953,0.465016,-0.153110,-0.355477,-0.559441,-0.435420,-0.586854,-2.742731,0.579966,0.028747,0.468552,0.022496,0.334731,-1.354280,-0.142711,-0.444878,-2.963368
0.287063,0.016288,0.458455,-0.077242,-0.708477,-0.288597,-0.348008,-0.487270,-2.793347,0.553571,0.007776,0.440049,-0.031223,0.287401,-1.201064,-0.218096,-0.556983,-2.912399
0.343695,0.018215,0.467538,-0.005544,-0.471202,-0.463753,-0.176323,-0.532087,-2.943124,0.549328,-0.020437,0.500575,-0.147410,0.217809,-1.315501,-0.586811,-0.424502,-2.566861
0.351378,-0.000164,0.442358,-0.107471,-0.383171,-0.456721,-0.320813,-0.643683,-2.847211,0.553411,-0.018152,0.503374,-0.142248,0.228292,-1.338619,-0.591670,-0.411437,-2.558999
0.342052,0.010163,0.462913,-0.065617,-0.466766,-0.456343,-0.285379,-0.554636,-2.857808,0.580015,0.003663,0.460424,-0.050144,0.347186,-1.353156,-0.297180,-0.471613,-2.834143
0.356650,0.026564,0.481605,0.055057,-0.442566,-0.526935,-0.061185,-0.491913,-3.034790,0.562353,-0.004560,0.499058,-0.094789,0.253440,-1.348755,-0.467873,-0.402981,-2.670441
0.324614,0.011864,0.485171,-0.111929,-0.573496,-0.459195,-0.445646,-0.465799,-2.704117,0.556503,-0.016884,0.488376,-0.126346,0.249033,-1.313479,-0.505330,-0.443277,-2.645712
0.299071,0.014612,0.461747,-0.078418,-0.655196,-0.329148,-0.342355,-0.499596,-2.800495,0.538588,0.009744,0.520634,-0.060485,0.150183,-1.271825,-0.411603,-0.366088,-2.714596
0.372925,-0.017341,0.439698,-0.179308,-0.284683,-0.537459,-0.424435,-0.679525,-2.777356,0.497275,0.015819,0.517867,-0.032341,0.011255,-1.086161,-0.300194,-0.401212,-2.820867
0.379603,0.000296,0.452812,-0.093417,-0.297964,-0.563243,-0.306806,-0.620151,-2.853069,0.529923,-0.013067,0.500790,-0.126048,0.147561,-1.216557,-0.509386,-0.439173,-2.641068
0.338364,0.029200,0.491044,0.092177,-0.530630,-0.490120,0.018800,-0.439996,-3.101630,0.572274,0.043776,0.521355,0.066040,0.261008,-1.405833,-0.057793,-0.316332,-3.032586
0.360553,0.028290,0.483066,0.067107,-0.429081,-0.541756,-0.035927,-0.490096,-3.055698,0.504545,0.029074,0.505982,0.028631,0.045341,-1.084865,-0.134270,-0.424370,-2.969184
0.286175,0.027165,0.521633,0.055768,-0.794114,-0.419594,-0.114806,-0.248499,-2.977347,0.501272,0.000534,0.530804,-0.109802,0.022853,-1.156678,-0.548880,-0.375880,-2.590055
0.322857,0.016058,0.485144,-0.069724,-0.584974,-0.445584,-0.354912,-0.453651,-2.781135,0.524461,-0.002418,0.466146,-0.071554,0.161897,-1.115630,-0.311515,-0.526772,-2.831426
0.327223,0.012090,0.463548,-0.064422,-0.530928,-0.412416,-0.292669,-0.534968,-2.848453,0.520738,0.041709,0.525301,0.074329,0.082478,-1.185679,-0.027805,-0.357603,-3.060552
0.306085,0.015905,0.447994,-0.026944,-0.597115,-0.316396,-0.210110,-0.556411,-2.918722,0.579659,0.044570,0.502992,0.068846,0.301231,-1.407624,-0.043733,-0.354586,-3.046191
0.356608,0.015320,0.434093,-0.005396,-0.349433,-0.451762,-0.144647,-0.664132,-2.981253,0.511365,0.046917,0.479702,0.097868,0.101631,-1.072857,0.029054,-0.489620,-3.109633
0.336588,0.009141,0.465979,-0.082479,-0.493996,-0.447799,-0.325815,-0.540887,-2.822229,0.513313,0.008077,0.446603,-0.031615,0.151993,-1.036979,-0.209338,-0.585072,-2.923097
0.353332,0.031375,0.469823,0.096314,-0.434561,-0.496489,0.023983,-0.529749,-3.104859,0.535932,0.024060,0.484219,0.010832,0.172141,-1.179048,-0.165037,-0.458888,-2.945422
0.362573,0.017734,0.510251,-0.051350,-0.454903,-0.613484,-0.341274,-0.412659,-2.786060,0.570960,-0.009673,0.495285,-0.108708,0.288754,-1.389451,-0.505763,-0.404020,-2.636147
0.376910,0.019614,0.438094,0.017979,-0.281985,-0.523578,-0.107665,-0.657684,-3.007523,0.565946,0.012492,0.452514,-0.020901,0.309069,-1.270732,-0.215725,-0.508318,-2.908052
0.324699,0.013372,0.457983,-0.048143,-0.532270,-0.392409,-0.253711,-0.549411,-2.882618,0.507502,0.006693,0.477720,-0.046434,0.090162,-1.058111,-0.269593,-0.507256,-2.863073
0.298293,0.011367,0.462396,-0.122475,-0.656015,-0.336243,-0.433964,-0.506192,-2.723653,0.513596,0.006527,0.497851,-0.056382,0.087101,-1.118646,-0.326478,-0.448897,-2.805101
0.335331,0.029328,0.497374,0.099423,-0.551866,-0.494323,0.037764,-0.414722,-3.118382,0.486303,0.013436,0.501975,-0.032907,-0.009107,-1.013227,-0.269019,-0.451813,-2.855408
0.376000,0.007922,0.502277,-0.101830,-0.389592,-0.646919,-0.427942,-0.458668,-2.718123,0.498585,0.001493,0.453067,-0.056227,0.097299,-0.988988,-0.255316,-0.582944,-2.886614
0.355673,0.031057,0.493394,0.094301,-0.462916,-0.546916,0.023236,-0.450950,-3.105304,0.481093,0.026777,0.436896,0.035539,0.067390,-0.895101,-0.081517,-0.634427,-3.025195
0.347740,0.025075,0.508346,0.024535,-0.514780,-0.555155,-0.154492,-0.394786,-2.949348,0.502508,0.010400,0.479370,-0.033943,0.071132,-1.038668,-0.244370,-0.505043,-2.883801
0.358290,0.006514,0.482426,-0.101144,-0.431138,-0.549732,-0.384727,-0.509563,-2.766518,0.493445,0.021073,0.520010,-0.010416,-0.004649,-1.071512,-0.246402,-0.394796,-2.867896
0.309855,0.003531,0.441243,-0.129242,-0.556637,-0.328163,-0.377789,-0.607132,-2.794442,0.569208,-0.009863,0.490430,-0.105698,0.286485,-1.369480,-0.479773,-0.418354,-2.662983
0.333098,0.022259,0.479440,0.020197,-0.536253,-0.452589,-0.139116,-0.475554,-2.968759,0.526477,-0.012292,0.490925,-0.116880,0.144517,-1.178396,-0.456816,-0.466584,-2.694455
0.373695,0.018843,0.489547,-0.010170,-0.387728,-0.598086,-0.202924,-0.482850,-2.915737,0.568490,0.006770,0.448752,-0.036858,0.323067,-1.280201,-0.245676,-0.515712,-2.884217
0.320655,0.018808,0.457598,0.001098,-0.551193,-0.375364,-0.161138,-0.539474,-2.956165,0.511648,-0.017108,0.461125,-0.119180,0.133747,-1.067323,-0.388076,-0.558922,-2.774710
0.342428,0.024128,0.472864,0.041686,-0.486176,-0.467369,-0.086683,-0.508636,-3.014463,0.547012,-0.006372,0.444136,-0.074272,0.264238,-1.184508,-0.299898,-0.559344,-2.846876
0.306512,0.030514,0.527865,0.004579,-0.703700,-0.494731,-0.297158,-0.273100,-2.807622,0.494239,-0.012845,0.520464,-0.152295,0.014798,-1.121908,-0.608859,-0.419169,-2.545118
0.349875,0.032674,0.471786,0.109808,-0.451310,-0.489826,0.051401,-0.520078,-3.127285,0.509551,0.024708,0.518658,0.004642,0.049876,-1.130335,-0.210308,-0.387608,-2.899224
0.370248,0.002395,0.450039,-0.085339,-0.328208,-0.526891,-0.290873,-0.624191,-2.866170,0.553859,0.026562,0.457456,0.021896,0.263093,-1.218925,-0.127375,-0.508085,-2.980990
0.303640,0.029718,0.532087,0.035746,-0.720627,-0.492447,-0.193950,-0.252006,-2.902909,0.547859,0.019421,0.480849,-0.005362,0.215208,-1.227078,-0.202859,-0.456516,-2.912885
0.361745,0.014928,0.474034,-0.029562,-0.409149,-0.533539,-0.225538,-0.528375,-2.902545,0.525437,0.013632,0.470359,-0.019855,0.155913,-1.116919,-0.213373,-0.508777,-2.910059
0.359276,0.000027,0.451666,-0.108090,-0.371734,-0.497239,-0.334667,-0.616299,-2.830571,0.494389,0.009094,0.441645,-0.027382,0.100937,-0.954768,-0.192877,-0.614955,-2.939727
0.343677,0.014729,0.500949,-0.085509,-0.516630,-0.544201,-0.413549,-0.430694,-2.725035,0.523789,-0.003864,0.467641,-0.076952,0.158318,-1.116227,-0.324101,-0.524182,-2.820482
0.354635,0.001595,0.478122,-0.133198,-0.435362,-0.536471,-0.438949,-0.528470,-2.724779,0.560358,0.003993,0.494189,-0.063342,0.246798,-1.318197,-0.371920,-0.413506,-2.758898
0.324300,0.023224,0.457536,0.044391,-0.535116,-0.384638,-0.076581,-0.542138,-3.024284,0.571118,0.036093,0.452379,0.048391,0.325982,-1.291297,-0.074603,-0.496463,-3.023850
0.347087,0.022568,0.507779,-0.008083,-0.515838,-0.555531,-0.237795,-0.398959,-2.876019,0.515477,0.038437,0.483661,0.065837,0.107667,-1.092586,-0.039658,-0.476064,-3.052288
0.326790,0.020843,0.485528,-0.006183,-0.571972,-0.448580,-0.208358,-0.448136,-2.907256,0.495862,0.024080,0.487307,0.015134,0.038134,-1.020043,-0.148041,-0.483020,-2.961859
0.321131,0.032304,0.433099,0.126251,-0.490019,-0.337936,0.070739,-0.633824,-3.137876,0.507733,0.040645,0.440016,0.076992,0.146568,-1.005602,-0.012517,-0.601682,-3.075985
0.343307,0.021408,0.471395,0.018519,-0.480005,-0.468160,-0.132420,-0.516044,-2.977453,0.541518,0.020403,0.464646,0.002690,0.214223,-1.175163,-0.167773,-0.505343,-2.947431
0.348351,0.025025,0.448499,0.053808,-0.414462,-0.444811,-0.053214,-0.602019,-3.045002,0.572613,0.013726,0.456668,-0.018850,0.325305,-1.306875,-0.219427,-0.488515,-2.902519
0.347683,0.026579,0.465158,0.062566,-0.450346,-0.469829,-0.041615,-0.540864,-3.052222,0.571930,0.053994,0.501180,0.104469,0.279204,-1.371775,0.056149,-0.368617,-3.135644
0.289589,0.003863,0.434119,-0.155761,-0.634767,-0.258844,-0.426746,-0.607082,-2.755203,0.485953,-0.007480,0.496834,-0.112925,0.003433,-1.021646,-0.435590,-0.479258,-2.715991
0.314638,-0.004897,0.434181,-0.175427,-0.511600,-0.338573,-0.433332,-0.652835,-2.762728,0.501943,0.001964,0.510914,-0.083790,0.038070,-1.103919,-0.414121,-0.425495,-2.723486
0.374059,0.029972,0.514953,0.068216,-0.418908,-0.645953,-0.040979,-0.396104,-3.049467,0.509592,-0.013441,0.436643,-0.098108,0.161897,-1.021668,-0.313982,-0.622605,-2.848010
0.363188,0.010354,0.487895,-0.076232,-0.422244,-0.571281,-0.343689,-0.490336,-2.797613,0.525318,0.041113,0.519889,0.070639,0.102296,-1.194282,-0.037164,-0.368918,-3.052342
0.337301,0.026689,0.498511,0.059094,-0.545914,-0.502063,-0.061952,-0.413376,-3.031542,0.492080,-0.000933,0.485980,-0.079815,0.032472,-1.016921,-0.345200,-0.499888,-2.798137
0.339999,-0.009525,0.440951,-0.175542,-0.417658,-0.430173,-0.432229,-0.654998,-2.764214,0.517411,0.027654,0.525412,0.012703,0.070228,-1.174580,-0.201204,-0.362758,-2.905012
0.355233,0.026824,0.490073,0.055280,-0.461049,-0.538583,-0.064361,-0.461831,-3.031076,0.535489,0.020912,0.531944,-0.024796,0.128248,-1.272257,-0.336371,-0.333452,-2.778522
0.357472,0.024138,0.507951,0.015131,-0.475302,-0.583698,-0.173979,-0.406919,-2.933146,0.524841,0.006649,0.498882,-0.056147,0.123085,-1.167260,-0.334596,-0.436886,-2.795984
0.378540,0.025498,0.497253,0.034739,-0.380610,-0.625096,-0.111339,-0.457298,-2.991010,0.537965,0.000835,0.503941,-0.079855,0.164387,-1.240519,-0.414425,-0.414694,-2.721085
0.342461,0.028953,0.494735,0.085044,-0.518947,-0.509489,0.002192,-0.432236,-3.087402,0.545409,0.019133,0.433440,0.004104,0.270847,-1.154739,-0.145183,-0.581280,-2.972803
0.340778,0.023590,0.457448,0.043229,-0.464366,-0.435256,-0.076283,-0.562280,-3.025473,0.525658,-0.019994,0.440500,-0.116615,0.208090,-1.098276,-0.359367,-0.598583,-2.807118
0.369281,0.016792,0.477603,-0.016808,-0.386212,-0.562510,-0.202820,-0.520283,-2.920156,0.524061,-0.012408,0.460567,-0.101422,0.171627,-1.113448,-0.360847,-0.546016,-2.794338
0.371681,0.013149,0.494096,-0.057140,-0.399477,-0.606913,-0.312206,-0.472984,-2.821480,0.546549,0.010262,0.532765,-0.072567,0.171109,-1.342373,-0.504837,-0.326413,-2.620807
0.341881,0.006130,0.455195,-0.086940,-0.450879,-0.444878,-0.311031,-0.585722,-2.842916,0.572630,0.037931,0.529695,0.039019,0.256058,-1.425226,-0.154875,-0.294731,-2.942218
0.357095,0.011028,0.453526,-0.042452,-0.388969,-0.484820,-0.224795,-0.597803,-2.912812,0.567802,0.011290,0.507960,-0.048469,0.258731,-1.375821,-0.375762,-0.366147,-2.747356
0.377458,0.025950,0.437747,0.052326,-0.278609,-0.524907,-0.051702,-0.657757,-3.048109,0.494683,0.047855,0.482108,0.107596,0.045254,-1.011105,0.049102,-0.495304,-3.126121
0.289356,0.018428,0.458769,-0.035178,-0.700183,-0.289827,-0.257255,-0.483524,-2.869950,0.482683,0.006823,0.528538,-0.083575,-0.042233,-1.066813,-0.455995,-0.386233,-2.677811
0.348602,0.012547,0.497643,-0.090982,-0.492093,-0.551842,-0.411120,-0.448079,-2.730720,0.512583,-0.002455,0.451753,-0.067540,0.144255,-1.045822,-0.279396,-0.575749,-2.866289
0.348333,0.006461,0.460284,-0.084352,-0.434628,-0.473638,-0.312337,-0.573193,-2.839436,0.524685,0.000273,0.437606,-0.053673,0.202702,-1.076712,-0.244337,-0.599587,-2.897883
0.297218,0.012638,0.466125,-0.121584,-0.667816,-0.341620,-0.445680,-0.490330,-2.709769,0.521860,0.038870,0.476625,0.066186,0.137133,-1.108468,-0.037908,-0.489627,-3.054044
0.326418,-0.001558,0.452301,-0.158130,-0.502803,-0.404326,-0.438938,-0.595589,-2.742204,0.538902,0.031151,0.501097,0.031264,0.163893,-1.218220,-0.132293,-0.409395,-2.969903
0.375395,0.022080,0.523111,-0.022370,-0.420689,-0.675919,-0.290373,-0.377883,-2.826449,0.482592,0.003037,0.483061,-0.064782,0.003721,-0.971905,-0.306068,-0.511318,-2.833227
0.358691,0.017054,0.463334,-0.008078,-0.402939,-0.503342,-0.172934,-0.560676,-2.948889,0.535057,0.034638,0.504455,0.044394,0.148072,-1.207185,-0.100742,-0.403312,-2.997210
0.374702,0.005133,0.482151,-0.094870,-0.367615,-0.599115,-0.363542,-0.520829,-2.786804,0.508465,0.045890,0.503403,0.096244,0.064017,-1.098237,0.029123,-0.426613,-3.110684
0.309832,-0.001097,0.435686,-0.157900,-0.539912,-0.323069,-0.412776,-0.635724,-2.774064,0.522128,0.019617,0.450892,0.004693,0.171996,-1.075346,-0.148534,-0.561964,-2.968379
0.373824,0.021070,0.433362,0.027313,-0.282596,-0.506959,-0.090655,-0.672953,-3.020848,0.540361,0.009337,0.501229,-0.048102,0.171553,-1.236428,-0.330955,-0.415037,-2.795614
0.345809,0.027751,0.476935,0.071527,-0.478522,-0.485039,-0.026240,-0.497257,-3.063846,0.555015,0.012621,0.515655,-0.047378,0.208654,-1.331169,-0.378138,-0.360742,-2.744305
0.309486,0.014920,0.465208,-0.061948,-0.613561,-0.363473,-0.305245,-0.502174,-2.832340,0.488370,-0.019525,0.445297,-0.126317,0.085159,-0.953401,-0.364437,-0.621749,-2.808490
0.308092,0.028298,0.436731,0.106673,-0.560233,-0.301255,0.039730,-0.599534,-3.115821,0.508493,0.022308,0.472484,0.010741,0.098158,-1.047935,-0.148391,-0.515332,-2.964309
0.314870,0.002208,0.451878,-0.149065,-0.554637,-0.366899,-0.432765,-0.579499,-2.742966,0.511146,-0.006810,0.498592,-0.105819,0.083949,-1.124098,-0.439401,-0.456809,-2.707611
0.290017,0.022737,0.468274,0.034925,-0.715918,-0.305517,-0.114591,-0.441651,-2.987290,0.544024,-0.018274,0.460871,-0.116623,0.237470,-1.205641,-0.405586,-0.526211,-2.752530
0.330698,0.027322,0.435648,0.079896,-0.457462,-0.369768,-0.007093,-0.633463,-3.080265,0.558519,0.045621,0.444527,0.079748,0.298312,-1.227025,-0.008567,-0.531983,-3.078615
0.375251,0.011317,0.458594,-0.037423,-0.329216,-0.551126,-0.218127,-0.590561,-2.916974,0.510338,0.003186,0.477253,-0.058420,0.100821,-1.071087,-0.294601,-0.507779,-2.842231
0.289556,0.010522,0.434247,-0.086690,-0.642403,-0.248568,-0.308407,-0.590221,-2.845881,0.544533,0.022742,0.457454,0.011225,0.233304,-1.178276,-0.146187,-0.520028,-2.966519
0.365877,0.030047,0.455304,0.079052,-0.358359,-0.512256,-0.009053,-0.590084,-3.078553,0.550588,0.037847,0.484931,0.055096,0.220129,-1.242987,-0.067958,-0.438665,-3.027189
0.375415,0.006897,0.435620,-0.049710,-0.280311,-0.519075,-0.214766,-0.671593,-2.931302,0.536442,0.001590,0.501043,-0.075238,0.161445,-1.226593,-0.394143,-0.423200,-2.740859
0.305267,0.016069,0.468135,-0.061926,-0.638298,-0.357642,-0.315953,-0.484167,-2.820170,0.519750,0.015747,0.447973,-0.007127,0.169125,-1.062738,-0.167815,-0.573035,-2.954255
0.358385,0.018671,0.436287,0.014121,-0.347844,-0.459906,-0.114238,-0.655819,-3.002596,0.540684,0.039666,0.467030,0.064847,0.209895,-1.174586,-0.040235,-0.496309,-3.052265
0.330549,0.015032,0.489060,-0.076804,-0.556786,-0.477454,-0.372902,-0.452372,-2.765171,0.550504,0.018783,0.532971,-0.038352,0.180499,-1.346609,-0.399724,-0.317284,-2.717454
0.340643,0.010870,0.466032,-0.064876,-0.478420,-0.457704,-0.290051,-0.541987,-2.851815,0.503502,0.007452,0.477211,-0.043718,0.077725,-1.040798,-0.261897,-0.511374,-2.870115
0.375453,0.023327,0.459851,0.033709,-0.332008,-0.549908,-0.091434,-0.580544,-3.014586,0.507872,0.048599,0.481091,0.105304,0.089223,-1.061733,0.044866,-0.488564,-3.122789
0.362251,0.030990,0.458171,0.087052,-0.377739,-0.505276,0.005335,-0.577673,-3.089658,0.503088,0.030037,0.521879,0.027808,0.025123,-1.108530,-0.150991,-0.381033,-2.951452
0.367077,0.013627,0.498900,-0.063406,-0.423079,-0.603989,-0.338802,-0.455094,-2.795431,0.560240,0.029283,0.461849,0.028634,0.278056,-1.253100,-0.117750,-0.488341,-2.987576
0.379461,0.004190,0.440595,-0.065151,-0.275499,-0.540988,-0.244275,-0.657477,-2.907384,0.549249,0.001071,0.445058,-0.052340,0.267971,-1.191014,-0.260834,-0.551847,-2.877230
0.337194,0.012279,0.465234,-0.055554,-0.491987,-0.444518,-0.272693,-0.539539,-2.865608,0.527561,0.018139,0.527117,-0.031184,0.105165,-1.229049,-0.335796,-0.354352,-2.782009
0.368897,0.013067,0.500907,-0.069143,-0.418138,-0.614969,-0.355476,-0.451087,-2.780177,0.519967,-0.004505,0.460576,-0.076601,0.155661,-1.090006,-0.311034,-0.546480,-2.835434
0.350188,0.035324,0.433099,0.120543,-0.368209,-0.431633,0.058939,-0.661609,-3.128000,0.568978,0.026838,0.467135,0.018783,0.299975,-1.300597,-0.145490,-0.464062,-2.962476
0.360185,0.024515,0.511956,0.014912,-0.469154,-0.600422,-0.178896,-0.396541,-2.927918,0.502611,0.027896,0.504667,0.024524,0.040315,-1.075098,-0.142618,-0.429554,-2.962311
0.336267,0.022634,0.515671,-0.046467,-0.565766,-0.550925,-0.370165,-0.365843,-2.752416,0.559756,0.004491,0.496103,-0.062802,0.242915,-1.318800,-0.374398,-0.409156,-2.755913
0.357538,0.031486,0.519824,0.104423,-0.487347,-0.607446,0.056348,-0.366397,-3.135879,0.496374,0.015780,0.505436,-0.024948,0.020072,-1.057309,-0.259252,-0.435647,-2.861677
0.364762,0.027838,0.437872,0.067060,-0.325916,-0.483138,-0.027954,-0.651800,-3.065179,0.544167,-0.001814,0.518834,-0.102115,0.176526,-1.310386,-0.530451,-0.372272,-2.606352
0.360911,0.029228,0.525584,0.063963,-0.480617,-0.629441,-0.058269,-0.351150,-3.033027,0.486335,0.038922,0.531382,0.073264,-0.038422,-1.061354,-0.030547,-0.361053,-3.058138
0.357195,-0.006555,0.463705,-0.162345,-0.396480,-0.522558,-0.453660,-0.586284,-2.727581,0.559309,0.044959,0.502113,0.076203,0.232911,-1.311057,-0.021079,-0.382610,-3.066836
0.325573,0.011632,0.471702,-0.083657,-0.551133,-0.426677,-0.348688,-0.507213,-2.796596,0.579064,0.002179,0.456668,-0.053090,0.348783,-1.343991,-0.297261,-0.482628,-2.835844
0.361071,0.018445,0.481421,-0.009871,-0.424457,-0.543279,-0.195616,-0.500522,-2.923835,0.566867,0.003699,0.469090,-0.052551,0.293795,-1.303661,-0.304560,-0.468495,-2.827307
0.350453,0.015950,0.448974,-0.009046,-0.407129,-0.453833,-0.163171,-0.605483,-2.961317,0.552464,-0.004725,0.448907,-0.070635,0.274413,-1.213913,-0.302490,-0.540113,-2.841282
0.334438,0.007057,0.436021,-0.068140,-0.441035,-0.387670,-0.253032,-0.646174,-2.898930,0.529636,0.003770,0.456566,-0.047905,0.189452,-1.119640,-0.255550,-0.544034,-2.880295
0.362583,-0.002954,0.438181,-0.111539,-0.329549,-0.487624,-0.317980,-0.666194,-2.854254,0.481924,0.016445,0.464825,-0.006971,0.024098,-0.934047,-0.171884,-0.556913,-2.949323
0.356588,0.014404,0.471933,-0.033753,-0.425769,-0.514041,-0.232519,-0.531948,-2.897317,0.484116,0.041523,0.495666,0.087060,-0.008235,-0.989171,0.006537,-0.463284,-3.091037
0.302019,0.010325,0.453315,-0.102413,-0.622725,-0.323830,-0.365452,-0.541876,-2.789637,0.488080,0.011104,0.520281,-0.055290,-0.019984,-1.060648,-0.360436,-0.402350,-2.767236
0.348945,0.003447,0.474981,-0.123165,-0.454455,-0.510431,-0.415516,-0.531354,-2.745344,0.539217,0.020597,0.479510,-0.000100,0.188453,-1.186809,-0.186068,-0.468917,-2.928494
0.338582,0.015393,0.494082,-0.071300,-0.530237,-0.510673,-0.365923,-0.444441,-2.769806,0.572066,0.001793,0.464074,-0.056572,0.317168,-1.321748,-0.309932,-0.474560,-2.823693
0.368831,0.011603,0.490152,-0.065522,-0.404381,-0.591424,-0.323266,-0.485243,-2.814118,0.497062,0.010120,0.466281,-0.030522,0.071247,-0.997213,-0.221148,-0.544853,-2.908318
0.298100,0.021971,0.481705,-0.017652,-0.695631,-0.361670,-0.253347,-0.414627,-2.864150,0.544311,-0.001635,0.524940,-0.108286,0.174019,-1.329704,-0.575590,-0.356647,-2.560777
0.360580,0.023522,0.454119,0.039163,-0.377821,-0.492707,-0.080184,-0.591530,-3.023894,0.551377,0.014936,0.492550,-0.025074,0.215109,-1.264723,-0.266564,-0.423725,-2.853704
0.368639,0.010357,0.453027,-0.041914,-0.343207,-0.521216,-0.220856,-0.606846,-2.917171,0.503354,-0.003761,0.480115,-0.085047,0.077147,-1.053308,-0.350396,-0.509162,-2.795533
0.356131,0.025860,0.467382,0.053329,-0.420551,-0.500076,-0.059469,-0.540784,-3.037928,0.516319,0.040923,0.454815,0.075421,0.150115,-1.057413,-0.016449,-0.553440,-3.072484
0.289839,0.004269,0.438841,-0.161776,-0.644222,-0.269909,-0.449499,-0.590501,-2.732169,0.547293,0.056086,0.449664,0.114543,0.259068,-1.188164,0.059600,-0.532311,-3.133511
0.360003,0.030655,0.466699,0.086247,-0.402781,-0.511841,0.004069,-0.546063,-3.088755,0.485386,0.023359,0.510402,0.005458,-0.022637,-1.020082,-0.190795,-0.424452,-2.920026
0.360243,0.028530,0.503446,0.065098,-0.459017,-0.580235,-0.046191,-0.421808,-3.045475,0.546078,0.049588,0.473284,0.095723,0.221861,-1.209751,0.025318,-0.472914,-3.106768
0.303619,0.031881,0.525786,-0.028948,-0.712022,-0.492203,-0.419672,-0.278806,-2.692893,0.504495,0.032578,0.453437,0.050012,0.113602,-1.006344,-0.062968,-0.568775,-3.036220
0.377023,-0.007812,0.467900,-0.152366,-0.328631,-0.591821,-0.437680,-0.581582,-2.739478,0.553623,-0.000903,0.462126,-0.063739,0.260007,-1.235225,-0.307822,-0.504352,-2.830545
0.350814,0.001556,0.465477,-0.121155,-0.430668,-0.497117,-0.388104,-0.564882,-2.776073,0.531654,0.028071,0.493085,0.023388,0.148238,-1.174246,-0.142593,-0.438378,-2.962984
0.322528,0.006749,0.434558,-0.078518,-0.487947,-0.348917,-0.272733,-0.640289,-2.883044,0.568911,0.042352,0.496501,0.064693,0.269953,-1.345148,-0.051313,-0.385925,-3.040121
0.301663,0.010639,0.450821,-0.094600,-0.619979,-0.316602,-0.345376,-0.549030,-2.807735,0.541920,0.022888,0.465211,0.010515,0.214708,-1.177169,-0.152252,-0.502820,-2.960038
