init_x,init_y,init_z,init_j1,init_j2,init_j3,init_j4,init_j5,init_j6,tgt_x,tgt_y,tgt_z,tgt_j1,tgt_j2,tgt_j3,tgt_j4,tgt_j5,tgt_j6,contact_flag,contact_x,contact_y,contact_z,contact_j1,contact_j2,contact_j3,contact_j4,contact_j5,contact_j6,contact_orient_x_deg,contact_type,sensor_contact_side,sensor_contact_x,sensor_contact_y,sensor_contact_z,sensor_contact_j1,sensor_contact_j2,sensor_contact_j3,sensor_contact_j4,sensor_contact_j5,sensor_contact_j6
0.361476,0.018148,0.461833,0.000587,-0.389352,-0.509150,-0.154949,-0.567242,-2.963807,0.493379,-0.001986,0.466175,-0.073835,0.062642,-0.989489,-0.302236,-0.552959,-2.843812,1,0.415225,0.009944,0.463602,-0.037777,-0.194139,-0.692976,-0.220969,-0.584010,-2.913830,17.279403,M,left,0.415225,-0.000056,0.463602,-0.084993,-0.190909,-0.699371,-0.305152,-0.590481,-2.848513
0.349250,-0.006625,0.452991,-0.159887,-0.408021,-0.477131,-0.428500,-0.616107,-2.756238,0.488023,-0.014909,0.524603,-0.167300,-0.006425,-1.115035,-0.659121,-0.415582,-2.497387,1,0.417577,-0.010703,0.488250,-0.152565,-0.212382,-0.766461,-0.479725,-0.529291,-2.690151,-25.120905,L,left,0.417577,-0.020703,0.488250,-0.197487,-0.204128,-0.781267,-0.564730,-0.542246,-2.620354
0.347840,0.026510,0.489524,0.055607,-0.490118,-0.515109,-0.064359,-0.456230,-3.030882,0.488664,0.039813,0.531659,0.076931,-0.030636,-1.070913,-0.020327,-0.359198,-3.067280,1,0.418186,0.033155,0.510572,0.070890,-0.251670,-0.778726,-0.031514,-0.430465,-3.058340,-19.035666,L,left,0.418186,0.023155,0.510572,0.008422,-0.252225,-0.780839,-0.179912,-0.433472,-2.930334
0.336921,0.009795,0.436082,-0.047711,-0.431967,-0.393714,-0.218871,-0.645601,-2.924373,0.548198,0.050476,0.531459,0.103106,0.172915,-1.318027,0.060733,-0.316093,-3.141141,1,0.474537,0.036293,0.498206,0.067817,-0.044162,-0.956009,-0.036448,-0.460761,-3.054671,18.915025,S,left,0.474537,0.026293,0.498206,0.024029,-0.045267,-0.956130,-0.134123,-0.462679,-2.972016
0.324672,0.000858,0.473853,-0.181907,-0.546713,-0.450169,-0.547729,-0.525611,-2.630175,0.548801,-0.016582,0.519701,-0.154074,0.203293,-1.365317,-0.691838,-0.376399,-2.455957,1,0.443206,-0.008365,0.498100,-0.134989,-0.138751,-0.870920,-0.471958,-0.495141,-2.688053,34.149118,M,left,0.443206,-0.018365,0.498100,-0.177353,-0.131301,-0.885660,-0.558108,-0.506504,-2.615441
0.366340,0.002794,0.438830,-0.077599,-0.319686,-0.496291,-0.263973,-0.660249,-2.893267,0.517468,-0.020164,0.483723,-0.140165,0.126963,-1.135520,-0.480958,-0.498141,-2.680956,1,0.452936,-0.010361,0.464554,-0.114635,-0.061790,-0.841551,-0.362889,-0.585729,-2.801382,-25.495892,S,left,0.452936,-0.020361,0.464554,-0.153211,-0.056144,-0.851750,-0.431187,-0.593263,-2.747900
0.317181,-0.011835,0.444801,-0.235092,-0.514605,-0.379480,-0.553004,-0.635764,-2.661155,0.574702,0.005133,0.482151,-0.054353,0.306064,-1.362358,-0.339223,-0.424934,-2.789908,1,0.406858,-0.005926,0.457807,-0.112589,-0.207132,-0.666410,-0.344316,-0.613137,-2.822310,-3.095234,S,left,0.406858,-0.015926,0.457807,-0.158272,-0.200980,-0.676556,-0.421475,-0.622533,-2.763601
0.352689,0.024336,0.460224,0.044998,-0.421087,-0.477248,-0.072843,-0.563461,-3.028238,0.498378,-0.014831,0.441054,-0.106462,0.120832,-0.983159,-0.328930,-0.622180,-2.836319,1,0.451243,-0.002159,0.447256,-0.074963,-0.042388,-0.803205,-0.270076,-0.631169,-2.883399,-15.841841,M,left,0.451243,-0.012159,0.447256,-0.113336,-0.038468,-0.810297,-0.334113,-0.636691,-2.835490
0.313986,-0.006148,0.443340,-0.200156,-0.532423,-0.358426,-0.496591,-0.624943,-2.703816,0.536343,0.049392,0.497788,0.099373,0.162386,-1.205018,0.037325,-0.418296,-3.117933,1,0.462556,0.030962,0.479720,0.050059,-0.060392,-0.881440,-0.068194,-0.519788,-3.030079,-8.286787,L,left,0.462556,0.020962,0.479720,0.007780,-0.060890,-0.882324,-0.152558,-0.522181,-2.961506
0.339106,0.014087,0.492092,-0.079306,-0.524775,-0.509239,-0.378121,-0.453371,-2.760791,0.519805,0.034901,0.442410,0.055449,0.178803,-1.055974,-0.051690,-0.584081,-3.045559,1,0.421481,0.023575,0.469443,0.026074,-0.183557,-0.719410,-0.108724,-0.560192,-2.999744,-30.514732,L,left,0.421481,0.013575,0.469443,-0.022079,-0.182931,-0.722074,-0.198380,-0.563963,-2.929037
0.328349,0.006098,0.466157,-0.118413,-0.526120,-0.429605,-0.400635,-0.538199,-2.759475,0.573824,0.021070,0.433362,0.006913,0.359791,-1.282718,-0.149069,-0.542343,-2.966156,1,0.488377,0.015859,0.444777,-0.004708,0.076320,-0.933103,-0.154720,-0.609089,-2.968153,-2.305608,S,left,0.488377,0.005859,0.444777,-0.039546,0.077512,-0.936146,-0.215006,-0.612111,-2.922421
0.320758,0.009495,0.481858,-0.135621,-0.582810,-0.446224,-0.490126,-0.478226,-2.667874,0.540021,-0.005956,0.507790,-0.106444,0.171808,-1.268027,-0.495605,-0.406981,-2.646078,1,0.452993,0.000176,0.497497,-0.092695,-0.110246,-0.893163,-0.383582,-0.486018,-2.762555,11.680900,M,left,0.452993,-0.009824,0.497497,-0.135563,-0.104518,-0.905384,-0.473262,-0.495159,-2.686918
0.344398,-0.010010,0.447034,-0.179606,-0.412342,-0.455502,-0.449888,-0.638212,-2.745424,0.516480,-0.019301,0.461059,-0.125075,0.150191,-1.089239,-0.401980,-0.555699,-2.762449,1,0.413293,-0.013730,0.452649,-0.140659,-0.171689,-0.686834,-0.382844,-0.634772,-2.797272,11.792533,L,left,0.413293,-0.023730,0.452649,-0.183504,-0.164780,-0.697817,-0.452927,-0.644225,-2.744790
0.363466,0.010433,0.447387,-0.039868,-0.351548,-0.495526,-0.212105,-0.623459,-2.926241,0.545809,0.027751,0.476935,0.023494,0.212781,-1.210045,-0.134198,-0.466835,-2.972256,1,0.489926,0.022444,0.467879,0.014115,0.045056,-0.967959,-0.135276,-0.541554,-2.977176,2.835426,M,left,0.489926,0.012444,0.467879,-0.022748,0.045763,-0.970635,-0.206069,-0.544603,-2.920475
0.366113,-0.016252,0.451150,-0.191627,-0.332564,-0.535990,-0.469125,-0.641640,-2.731137,0.497425,-0.007345,0.528411,-0.139492,0.016886,-1.149036,-0.614803,-0.392057,-2.532562,1,0.439942,-0.011245,0.494589,-0.146104,-0.143875,-0.855648,-0.484588,-0.508467,-2.680457,17.201881,L,left,0.439942,-0.021245,0.494589,-0.188029,-0.136103,-0.870485,-0.567532,-0.520103,-2.611131
0.304257,0.016151,0.469639,-0.066806,-0.645233,-0.358800,-0.330978,-0.477798,-2.806201,0.509486,0.014920,0.465208,-0.013434,0.111731,-1.043473,-0.190567,-0.536403,-2.932037,1,0.384527,0.015670,0.467906,-0.015006,-0.312359,-0.594634,-0.185952,-0.560949,-2.938565,21.763882,M,left,0.384527,0.005670,0.467906,-0.072359,-0.309382,-0.601003,-0.291879,-0.568357,-2.854982
0.329091,0.012236,0.486543,-0.102378,-0.557162,-0.472834,-0.423676,-0.464795,-2.723202,0.570825,0.035697,0.524916,0.032481,0.252743,-1.407261,-0.168872,-0.310156,-2.930285,1,0.496433,0.028477,0.513107,0.025368,0.011189,-1.066009,-0.147060,-0.409621,-2.956983,-24.499153,S,left,0.496433,0.018477,0.513107,-0.017883,0.012161,-1.070840,-0.254684,-0.413354,-2.862812
0.317419,0.010844,0.448761,-0.066252,-0.544485,-0.355727,-0.276530,-0.576776,-2.868751,0.561400,-0.010456,0.463875,-0.092936,0.286624,-1.281604,-0.378191,-0.493918,-2.768813,1,0.406106,0.003101,0.454255,-0.068219,-0.207343,-0.651236,-0.263592,-0.617304,-2.885910,-30.683542,S,left,0.406106,-0.006899,0.454255,-0.115188,-0.202956,-0.658876,-0.343077,-0.624829,-2.825896
0.363540,0.008936,0.478855,-0.075071,-0.407259,-0.554152,-0.322420,-0.520370,-2.821176,0.537532,-0.016302,0.440932,-0.103658,0.242704,-1.146403,-0.344046,-0.582412,-2.815817,1,0.432698,-0.001096,0.463781,-0.083400,-0.131507,-0.760676,-0.303236,-0.588295,-2.849612,-23.790784,M,left,0.432698,-0.011096,0.463781,-0.125922,-0.126764,-0.769326,-0.378278,-0.595686,-2.791313
0.335914,0.022542,0.495601,0.005542,-0.547414,-0.495075,-0.190500,-0.424663,-2.920304,0.491526,0.045864,0.436361,0.099161,0.104398,-0.939407,0.025521,-0.625815,-3.104533,1,0.433133,0.037112,0.458591,0.086728,-0.123241,-0.746156,0.004648,-0.591289,-3.089084,37.260423,S,left,0.433133,0.027112,0.458591,0.042511,-0.125272,-0.744398,-0.074133,-0.592189,-3.028582
0.309061,0.012813,0.450299,-0.059360,-0.586515,-0.332683,-0.272152,-0.557027,-2.868918,0.544873,0.042248,0.475105,0.071905,0.213769,-1.204403,-0.026799,-0.470185,-3.062975,1,0.394955,0.023535,0.459335,0.031900,-0.259257,-0.613714,-0.093434,-0.589579,-3.013575,-17.351898,S,left,0.394955,0.013535,0.459335,-0.021210,-0.258755,-0.616083,-0.187952,-0.593439,-2.940837
0.380032,-0.006440,0.477825,-0.152691,-0.333648,-0.620596,-0.461354,-0.551266,-2.711655,0.530698,0.027322,0.435648,0.030290,0.222239,-1.093428,-0.096050,-0.591469,-3.011675,1,0.425646,0.003781,0.465056,-0.064698,-0.159117,-0.734761,-0.271158,-0.582546,-2.874012,31.945062,S,left,0.425646,-0.006219,0.465056,-0.109208,-0.154954,-0.742586,-0.350497,-0.589682,-2.812217
0.324378,0.026333,0.448067,0.075151,-0.514098,-0.368943,-0.016323,-0.577697,-3.072833,0.575251,0.011317,0.458594,-0.026727,0.331957,-1.323094,-0.240060,-0.480694,-2.884120,1,0.435300,0.019694,0.452722,0.010970,-0.108049,-0.744549,-0.126848,-0.611575,-2.989593,8.594974,L,left,0.435300,0.009694,0.452722,-0.031739,-0.107129,-0.747216,-0.200442,-0.615092,-2.933972
0.344083,-0.002849,0.466886,-0.161061,-0.455524,-0.487559,-0.467960,-0.564289,-2.709624,0.487189,-0.018050,0.492962,-0.148855,0.017854,-1.031590,-0.502023,-0.497049,-2.662242,1,0.407232,-0.009557,0.478392,-0.145576,-0.235877,-0.710176,-0.443004,-0.556106,-2.728356,10.370705,M,left,0.407232,-0.019557,0.478392,-0.191961,-0.227929,-0.723807,-0.527165,-0.568652,-2.660871
0.325821,0.010154,0.492848,-0.146397,-0.574273,-0.490305,-0.546781,-0.451964,-2.610538,0.535605,0.041064,0.462189,0.070824,0.200424,-1.146887,-0.026863,-0.514364,-3.063599,1,0.407062,0.022124,0.480975,0.016694,-0.252431,-0.689101,-0.134508,-0.522816,-2.976281,14.663493,S,left,0.407062,0.012124,0.480975,-0.037655,-0.250992,-0.693564,-0.241952,-0.528075,-2.889047
0.366278,0.014203,0.518334,-0.096600,-0.444798,-0.655013,-0.476904,-0.399705,-2.661530,0.489556,0.010522,0.434247,-0.020942,0.098451,-0.926967,-0.175667,-0.638963,-2.955670,1,0.424938,0.012452,0.478323,-0.031096,-0.184614,-0.749195,-0.225126,-0.537307,-2.904078,24.662168,L,left,0.424938,0.002452,0.478323,-0.078792,-0.181469,-0.756104,-0.316741,-0.543954,-2.830281
0.294437,0.015938,0.439717,-0.026165,-0.634704,-0.266769,-0.204744,-0.568066,-2.924498,0.565877,0.030047,0.455304,0.030965,0.304668,-1.270377,-0.110894,-0.497397,-2.993861,1,0.452077,0.024132,0.448769,0.028345,-0.045856,-0.799829,-0.095902,-0.616997,-3.013400,-8.744459,M,left,0.452077,0.014132,0.448769,-0.011435,-0.045718,-0.801211,-0.164017,-0.619621,-2.962203
0.310938,0.003537,0.465249,-0.173713,-0.594971,-0.389255,-0.522128,-0.533009,-2.654623,0.505267,0.016069,0.468135,-0.010045,0.094096,-1.030280,-0.185428,-0.531531,-2.935663,1,0.425688,0.010937,0.466953,-0.032894,-0.163974,-0.733886,-0.215784,-0.572698,-2.916357,-27.273019,S,left,0.425688,0.000937,0.466953,-0.078544,-0.161018,-0.740013,-0.298689,-0.578721,-2.851424
0.324839,0.027026,0.532470,0.096905,-0.632338,-0.543779,0.045229,-0.284831,-3.127506,0.533077,0.013414,0.515177,-0.041546,0.134059,-1.230267,-0.339349,-0.383545,-2.783149,1,0.411571,0.021356,0.525268,-0.016673,-0.290303,-0.792752,-0.266485,-0.389527,-2.849363,0.589030,L,left,0.411571,0.011356,0.525268,-0.084778,-0.285110,-0.808246,-0.442456,-0.400832,-2.693060
0.359759,-0.002082,0.489217,-0.167285,-0.426676,-0.585063,-0.534733,-0.506525,-2.636081,0.496760,-0.010249,0.483300,-0.111214,0.054952,-1.039317,-0.406559,-0.509565,-2.747918,1,0.433786,-0.006495,0.486020,-0.121366,-0.157385,-0.810087,-0.413950,-0.528407,-2.745967,-5.629986,M,left,0.433786,-0.016495,0.486020,-0.164728,-0.150665,-0.822773,-0.497292,-0.538789,-2.677669
0.332273,0.022697,0.436584,0.044409,-0.454143,-0.375623,-0.066848,-0.631894,-3.035947,0.558385,0.018671,0.436287,0.001143,0.306951,-1.215330,-0.156351,-0.557417,-2.961743,1,0.483268,0.020009,0.436386,0.011590,0.074734,-0.903102,-0.121622,-0.635561,-2.995520,30.594068,M,left,0.483268,0.010009,0.436386,-0.023267,0.075302,-0.904998,-0.179791,-0.638105,-2.952492
0.292160,0.017850,0.439053,-0.003710,-0.645211,-0.257269,-0.163851,-0.563846,-2.956428,0.529061,0.047194,0.499696,0.093813,0.135796,-1.176478,0.023620,-0.420099,-3.106007,1,0.419329,0.033602,0.471606,0.075443,-0.193077,-0.715866,-0.016452,-0.551795,-3.072465,-42.702135,S,left,0.419329,0.023602,0.471606,0.025954,-0.194531,-0.715308,-0.110155,-0.553370,-2.998146
0.320413,0.021061,0.433166,0.035286,-0.497328,-0.333066,-0.082241,-0.631769,-3.024510,0.540643,0.010870,0.466032,-0.028182,0.210626,-1.176612,-0.232108,-0.505429,-2.894070,1,0.432712,0.015864,0.449925,-0.004696,-0.111441,-0.732293,-0.151881,-0.621984,-2.971621,10.348899,S,left,0.432712,0.005864,0.449925,-0.047323,-0.109930,-0.735783,-0.224194,-0.625996,-2.917433
0.307035,0.011649,0.457248,-0.086620,-0.608221,-0.343791,-0.339182,-0.532326,-2.809496,0.566516,-0.004282,0.483725,-0.084044,0.280385,-1.335175,-0.405099,-0.435727,-2.733551,1,0.476685,0.001233,0.474559,-0.068488,-0.003733,-0.936361,-0.298753,-0.539034,-2.844160,23.669124,S,left,0.476685,-0.008767,0.474559,-0.106185,0.000249,-0.944666,-0.371108,-0.544970,-2.785612
0.362316,0.011240,0.512921,-0.114618,-0.452651,-0.634926,-0.504454,-0.418039,-2.640539,0.523434,-0.019587,0.524540,-0.172851,0.116606,-1.270712,-0.719022,-0.393577,-2.434771,1,0.426166,-0.000977,0.517526,-0.132586,-0.219814,-0.853358,-0.527552,-0.438385,-2.624468,-31.433025,S,left,0.426166,-0.010977,0.517526,-0.180839,-0.211189,-0.872128,-0.636393,-0.453289,-2.529188
0.312764,-0.012789,0.435983,-0.236756,-0.513840,-0.349477,-0.534537,-0.662757,-2.685671,0.575453,0.023327,0.459851,0.008606,0.329978,-1.321636,-0.164933,-0.474236,-2.946889,1,0.496530,0.012476,0.452680,-0.018426,0.089450,-0.975690,-0.186198,-0.581838,-2.940813,-24.331290,L,left,0.496530,0.002476,0.452680,-0.052930,0.091187,-0.979816,-0.248334,-0.585270,-2.892494
0.298294,0.030129,0.532177,0.036127,-0.743971,-0.479718,-0.200686,-0.241529,-2.895826,0.488478,-0.009583,0.502196,-0.124335,0.007646,-1.045979,-0.475988,-0.465490,-2.677254,1,0.367454,0.015688,0.521275,-0.089050,-0.443851,-0.663816,-0.467672,-0.389647,-2.667841,43.222016,L,left,0.367454,0.005688,0.521275,-0.167271,-0.432827,-0.691117,-0.662525,-0.413605,-2.493654
0.369038,0.033020,0.495179,0.099876,-0.412427,-0.591891,0.035521,-0.456600,-3.115653,0.545796,-0.013717,0.516442,-0.140944,0.191696,-1.333264,-0.631450,-0.385177,-2.515235,1,0.438011,0.014783,0.503476,-0.032043,-0.173440,-0.839394,-0.262042,-0.460788,-2.862674,-7.048030,M,left,0.438011,0.004783,0.503476,-0.081868,-0.169695,-0.848873,-0.372159,-0.468545,-2.768932
0.368389,0.004766,0.494077,-0.118900,-0.406336,-0.609407,-0.445513,-0.483659,-2.708347,0.562251,0.030990,0.458171,0.034048,0.289345,-1.257424,-0.104954,-0.494767,-2.998622,1,0.435875,0.013895,0.481578,-0.024435,-0.152208,-0.792001,-0.216145,-0.525983,-2.909927,28.513806,M,left,0.435875,0.003895,0.481578,-0.070579,-0.149408,-0.798512,-0.306634,-0.532068,-2.836424
0.379342,0.021327,0.484458,0.011257,-0.359229,-0.604805,-0.151167,-0.501170,-2.960792,0.494398,0.030517,0.438438,0.046124,0.106291,-0.948843,-0.065108,-0.619052,-3.036674,1,0.441593,0.026300,0.459559,0.037269,-0.098815,-0.775908,-0.084078,-0.587469,-3.020676,-40.006261,M,left,0.441593,0.016300,0.459559,-0.005471,-0.098892,-0.777165,-0.160480,-0.590146,-2.961776
0.374538,0.026164,0.452674,0.052307,-0.321084,-0.535986,-0.055667,-0.604281,-3.043216,0.521261,-0.005181,0.485866,-0.090500,0.129183,-1.138255,-0.383168,-0.480072,-2.761695,1,0.434768,0.013297,0.466299,-0.020962,-0.132534,-0.763700,-0.193664,-0.572395,-2.933807,0.285945,M,left,0.434768,0.003297,0.466299,-0.065046,-0.130169,-0.768920,-0.273917,-0.577600,-2.870974
0.376490,0.003760,0.442892,-0.069963,-0.291057,-0.534862,-0.255057,-0.649207,-2.897939,0.579461,0.004190,0.440595,-0.042535,0.369737,-1.323235,-0.255248,-0.520383,-2.876976,1,0.478441,0.003976,0.441738,-0.046070,0.051907,-0.894802,-0.221244,-0.628537,-2.920049,43.588261,M,left,0.478441,-0.006024,0.441738,-0.081275,0.054562,-0.900081,-0.280446,-0.632521,-2.875742
0.327842,0.005344,0.437517,-0.087065,-0.471340,-0.371311,-0.288838,-0.636490,-2.870102,0.537194,0.012279,0.465234,-0.023287,0.200373,-1.159946,-0.219702,-0.510781,-2.905065,1,0.409349,0.008044,0.448308,-0.041255,-0.186371,-0.650865,-0.211572,-0.633295,-2.928041,-1.082145,M,left,0.409349,-0.001956,0.448308,-0.087462,-0.183213,-0.656631,-0.288408,-0.639264,-2.870967
0.330551,-0.009531,0.458244,-0.214515,-0.487564,-0.441972,-0.546978,-0.597044,-2.653080,0.481709,0.039024,0.459403,0.078209,0.033641,-0.926127,-0.010918,-0.568220,-3.076966,1,0.397060,0.011833,0.458754,-0.029485,-0.249844,-0.622952,-0.201876,-0.596671,-2.930445,19.557965,S,left,0.397060,0.001833,0.458754,-0.080525,-0.246749,-0.628986,-0.291173,-0.603372,-2.861981
0.310603,0.016525,0.473485,-0.058573,-0.622749,-0.383618,-0.315209,-0.473379,-2.818968,0.556655,0.012210,0.515164,-0.048759,0.214789,-1.338184,-0.382637,-0.360369,-2.740139,1,0.425126,0.014517,0.492884,-0.028690,-0.204817,-0.774790,-0.238977,-0.492283,-2.886573,25.553388,L,left,0.425126,0.004517,0.492884,-0.079350,-0.201360,-0.783051,-0.344252,-0.499794,-2.798923
0.298949,0.020757,0.477986,-0.028955,-0.685710,-0.357088,-0.271641,-0.431184,-2.850265,0.550188,0.035324,0.433099,0.051483,0.287140,-1.175426,-0.059840,-0.573153,-3.038837,1,0.468521,0.030589,0.447690,0.050627,0.009402,-0.859895,-0.058052,-0.610919,-3.041657,-18.857670,M,left,0.468521,0.020589,0.447690,0.013046,0.008660,-0.859838,-0.123022,-0.612789,-2.992596
0.305841,0.003880,0.449125,-0.148128,-0.590820,-0.334575,-0.433644,-0.575683,-2.741241,0.481672,0.008220,0.508132,-0.059068,-0.029279,-1.012277,-0.339301,-0.440188,-2.792416,1,0.384216,0.005814,0.475427,-0.077750,-0.322732,-0.614010,-0.314380,-0.544483,-2.832318,44.534086,M,left,0.384216,-0.004186,0.475427,-0.133883,-0.316768,-0.625016,-0.419432,-0.556028,-2.748024
0.376321,-0.004242,0.488442,-0.157532,-0.362879,-0.631926,-0.501839,-0.517165,-2.667787,0.536267,0.022634,0.515671,-0.006288,0.142207,-1.237386,-0.247202,-0.375463,-2.864951,1,0.460341,0.009876,0.502746,-0.051394,-0.095428,-0.920812,-0.305900,-0.462119,-2.825122,-18.489953,L,left,0.460341,-0.000124,0.502746,-0.095691,-0.091227,-0.930991,-0.403632,-0.469620,-2.741766
0.341813,0.025901,0.473045,0.057754,-0.488817,-0.465624,-0.054005,-0.506821,-3.041209,0.548639,0.054013,0.453865,0.108039,0.256704,-1.197860,0.047855,-0.519988,-3.124401,1,0.441134,0.039401,0.463834,0.093694,-0.104844,-0.782566,0.017541,-0.573337,-3.099190,-30.176447,L,left,0.441134,0.029401,0.463834,0.050189,-0.107152,-0.780344,-0.062133,-0.574002,-3.037080
0.353618,0.025510,0.498995,0.038428,-0.479885,-0.551902,-0.108868,-0.431029,-2.991602,0.530837,0.038227,0.433248,0.064055,0.227914,-1.092934,-0.035534,-0.595932,-3.058324,1,0.442936,0.031919,0.465859,0.060506,-0.104071,-0.789944,-0.043700,-0.567068,-3.051264,30.301310,S,left,0.442936,0.021919,0.465859,0.016998,-0.105033,-0.789900,-0.124039,-0.568996,-2.988311
0.375754,0.016034,0.506851,-0.049289,-0.400560,-0.645147,-0.320134,-0.433529,-2.808130,0.562636,0.051106,0.508830,0.097738,0.239912,-1.340395,0.038383,-0.360431,-3.119924,1,0.501790,0.039687,0.508186,0.073087,0.035280,-1.077967,-0.027009,-0.418123,-3.062053,-34.496668,L,left,0.501790,0.029687,0.508186,0.031072,0.033965,-1.077769,-0.129643,-0.419851,-2.972904
0.282977,0.012055,0.452781,-0.134904,-0.713085,-0.275197,-0.454549,-0.514170,-2.707905,0.561994,0.047537,0.460807,0.084582,0.288037,-1.262789,0.000982,-0.485930,-3.086331,1,0.436171,0.031536,0.457188,0.061353,-0.112003,-0.753723,-0.040359,-0.595305,-3.054615,-17.384954,S,left,0.436171,0.021536,0.457188,0.017882,-0.113030,-0.753487,-0.117265,-0.597123,-2.995750
0.366398,0.011622,0.487455,-0.063945,-0.410045,-0.578183,-0.315571,-0.492023,-2.821854,0.524233,-0.009741,0.448353,-0.088202,0.188013,-1.094388,-0.318255,-0.575931,-2.835214,1,0.443911,0.001130,0.468252,-0.072931,-0.101969,-0.805914,-0.291782,-0.570883,-2.855515,33.705504,S,left,0.443911,-0.008870,0.468252,-0.114408,-0.097666,-0.814179,-0.367113,-0.577721,-2.796160
0.336218,0.029477,0.501616,0.101866,-0.553503,-0.505887,0.045127,-0.401641,-3.125088,0.540218,-0.005156,0.463358,-0.077903,0.216724,-1.180810,-0.329383,-0.518582,-2.815019,1,0.448131,0.010478,0.480628,-0.038058,-0.108783,-0.835605,-0.242663,-0.528317,-2.888498,5.666207,M,left,0.448131,0.000478,0.480628,-0.081382,-0.105600,-0.842697,-0.327258,-0.534443,-2.819801
0.378666,0.011233,0.479121,-0.051109,-0.351309,-0.598913,-0.270446,-0.525361,-2.865184,0.569880,0.033810,0.521589,0.026682,0.251715,-1.396597,-0.182063,-0.320563,-2.918907,1,0.507118,0.026399,0.507650,0.016708,0.052131,-1.098811,-0.165364,-0.418832,-2.941696,-15.193958,S,left,0.507118,0.016399,0.507650,-0.023856,0.053317,-1.103839,-0.264224,-0.422570,-2.855605
0.363123,0.021067,0.465155,0.018808,-0.389252,-0.519088,-0.123306,-0.555515,-2.987848,0.503525,0.012402,0.480095,-0.026907,0.073138,-1.042873,-0.231092,-0.501540,-2.894403,1,0.452135,0.015574,0.474627,-0.013210,-0.087653,-0.837870,-0.188185,-0.542475,-2.934658,35.631317,L,left,0.452135,0.005574,0.474627,-0.055591,-0.085608,-0.842893,-0.269216,-0.547259,-2.869697
0.356233,0.029818,0.508027,0.081512,-0.480134,-0.577684,-0.006613,-0.402871,-3.079719,0.515404,0.031323,0.462247,0.042799,0.134776,-1.061355,-0.080555,-0.535433,-3.020775,1,0.460922,0.030808,0.477916,0.050011,-0.063219,-0.872687,-0.067592,-0.525704,-3.030807,-20.087704,M,left,0.460922,0.020808,0.477916,0.007753,-0.063726,-0.873525,-0.151055,-0.528080,-2.963262
0.368286,-0.001370,0.455080,-0.112077,-0.343248,-0.532740,-0.344637,-0.610703,-2.821516,0.557195,-0.006555,0.463705,-0.081380,0.271573,-1.258359,-0.349775,-0.498136,-2.793912,1,0.425240,-0.002933,0.457680,-0.090702,-0.145689,-0.726338,-0.306885,-0.609213,-2.850820,-15.772310,M,left,0.425240,-0.012933,0.457680,-0.133632,-0.140696,-0.735051,-0.380292,-0.616794,-2.794805
0.348665,-0.013992,0.433107,-0.182089,-0.362963,-0.447256,-0.422605,-0.691227,-2.782183,0.509684,-0.007598,0.483121,-0.099031,0.095714,-1.087857,-0.388306,-0.498457,-2.761097,1,0.404967,-0.011756,0.450595,-0.135661,-0.197516,-0.653594,-0.371147,-0.640278,-2.807742,-15.136864,L,left,0.404967,-0.021756,0.450595,-0.180055,-0.190656,-0.664338,-0.443199,-0.649949,-2.754155
0.348953,0.000809,0.442916,-0.104002,-0.394459,-0.449264,-0.316821,-0.639235,-2.849307,0.495320,0.004048,0.452896,-0.047693,0.086692,-0.974540,-0.238796,-0.585048,-2.899969,1,0.434808,0.002709,0.448770,-0.059715,-0.100104,-0.743223,-0.244067,-0.630464,-2.903053,11.311451,L,left,0.434808,-0.007291,0.448770,-0.100924,-0.096555,-0.749675,-0.312872,-0.636139,-2.851677
0.285418,0.019526,0.465394,-0.048171,-0.731040,-0.295044,-0.304955,-0.451849,-2.824308,0.550453,0.015950,0.448974,-0.008621,0.263994,-1.195096,-0.181111,-0.536320,-2.939693,1,0.370069,0.018384,0.460149,0.003558,-0.352991,-0.533838,-0.146820,-0.578435,-2.971260,-27.709720,M,left,0.370069,0.008384,0.460149,-0.057870,-0.350714,-0.539002,-0.257461,-0.585175,-2.885283
0.313109,-0.001279,0.443328,-0.165518,-0.541831,-0.348405,-0.440698,-0.613333,-2.745662,0.508751,0.024492,0.516551,0.004858,0.049117,-1.123032,-0.206467,-0.393971,-2.903267,1,0.411259,0.011650,0.480063,-0.038624,-0.234669,-0.706230,-0.242323,-0.531814,-2.889277,2.548296,S,left,0.411259,0.001650,0.480063,-0.089692,-0.230922,-0.714197,-0.341063,-0.539656,-2.809393
0.321867,0.022552,0.496315,-0.007842,-0.607702,-0.458376,-0.234283,-0.404054,-2.879709,0.547844,0.035465,0.521516,0.040035,0.175952,-1.294150,-0.129852,-0.345059,-2.968125,1,0.449128,0.029824,0.510507,0.041963,-0.144818,-0.885081,-0.100080,-0.432591,-2.999274,-10.357880,M,left,0.449128,0.019824,0.510507,-0.009820,-0.144344,-0.888870,-0.222358,-0.436449,-2.893849
0.313926,0.024505,0.489793,0.040182,-0.635530,-0.417548,-0.109811,-0.409700,-2.989598,0.548244,0.043673,0.451977,0.076253,0.255004,-1.189481,-0.015568,-0.526254,-3.072924,1,0.447383,0.035422,0.468255,0.074214,-0.092427,-0.809999,-0.018585,-0.558329,-3.070848,-40.113802,S,left,0.447383,0.025422,0.468255,0.031102,-0.093941,-0.809056,-0.099351,-0.559751,-3.007128
0.313072,0.013973,0.470859,-0.078675,-0.605716,-0.388118,-0.348824,-0.490739,-2.793304,0.522568,0.038302,0.439181,0.065875,0.193047,-1.064571,-0.032626,-0.589386,-3.060411,1,0.448505,0.029701,0.450380,0.051193,-0.059732,-0.789034,-0.056932,-0.612619,-3.042568,-42.961141,L,left,0.448505,0.019701,0.450380,0.010615,-0.060436,-0.789142,-0.126914,-0.614605,-2.989798
0.373390,0.037298,0.433462,0.115622,-0.280296,-0.509018,0.050306,-0.671930,-3.121406,0.563213,0.001065,0.513455,-0.088145,0.243969,-1.381628,-0.500803,-0.362721,-2.631800,1,0.498287,0.013457,0.486094,-0.025269,0.048510,-1.031406,-0.233339,-0.488420,-2.890806,6.524062,M,left,0.498287,0.003457,0.486094,-0.062687,0.050980,-1.037812,-0.312213,-0.493027,-2.824878
0.368815,0.016846,0.443111,0.001059,-0.323134,-0.504117,-0.138950,-0.637675,-2.982839,0.556588,0.014404,0.471933,-0.019709,0.254555,-1.254418,-0.229065,-0.470839,-2.892187,1,0.498320,0.015162,0.462989,-0.011647,0.079324,-0.995672,-0.182451,-0.551266,-2.940261,-5.125320,S,left,0.498320,0.005162,0.462989,-0.046897,0.080923,-0.999801,-0.249052,-0.554784,-2.887203
0.362096,0.027576,0.489439,0.059177,-0.432821,-0.558410,-0.054756,-0.470022,-3.039450,0.502019,0.010325,0.453315,-0.025978,0.106015,-0.999014,-0.201749,-0.576336,-2.927921,1,0.446235,0.017203,0.467717,-0.004020,-0.096856,-0.805469,-0.164382,-0.564041,-2.956028,3.858686,M,left,0.446235,0.007203,0.467717,-0.046599,-0.095238,-0.809581,-0.243064,-0.568364,-2.894063
0.317998,0.021162,0.444840,0.031820,-0.536165,-0.343971,-0.094591,-0.582451,-3.012248,0.512766,-0.012306,0.448853,-0.098295,0.152457,-1.049545,-0.331417,-0.587257,-2.826962,1,0.396474,0.007677,0.446457,-0.045002,-0.227577,-0.604497,-0.216279,-0.638929,-2.925322,-29.505790,L,left,0.396474,-0.002323,0.446457,-0.093745,-0.224097,-0.610617,-0.296609,-0.645522,-2.865983
0.333046,0.025768,0.502013,0.043866,-0.568138,-0.497782,-0.103729,-0.396590,-2.994248,0.548945,0.003447,0.474981,-0.055246,0.228406,-1.231311,-0.306160,-0.475818,-2.827132,1,0.437470,0.014972,0.488938,-0.022720,-0.157181,-0.809885,-0.221513,-0.503367,-2.902623,-29.688803,S,left,0.437470,0.004972,0.488938,-0.069919,-0.154290,-0.816923,-0.317831,-0.509735,-2.823078
0.333225,0.000833,0.446962,-0.124056,-0.466339,-0.409275,-0.364404,-0.614245,-2.806744,0.502122,-0.007741,0.471000,-0.094602,0.086216,-1.036281,-0.353030,-0.536360,-2.798798,1,0.385226,-0.001807,0.454363,-0.102297,-0.279390,-0.585811,-0.323314,-0.618443,-2.839893,-40.312010,M,left,0.385226,-0.011807,0.454363,-0.153014,-0.273172,-0.595777,-0.408202,-0.628768,-2.775804
0.299847,0.013814,0.442681,-0.048704,-0.614036,-0.290186,-0.246648,-0.569339,-2.891354,0.538582,0.015393,0.494082,-0.023006,0.171049,-1.210592,-0.256046,-0.432991,-2.864123,1,0.378435,0.014334,0.459602,-0.019581,-0.319850,-0.561623,-0.186919,-0.586687,-2.940827,-38.413738,L,left,0.378435,0.004334,0.459602,-0.076834,-0.316751,-0.567802,-0.288523,-0.594107,-2.862340
0.296576,0.032890,0.524574,-0.023119,-0.742512,-0.470919,-0.413053,-0.268213,-2.697611,0.568831,0.011603,0.490152,-0.036989,0.276788,-1.343556,-0.305831,-0.410194,-2.817160,1,0.477461,0.018747,0.501704,-0.010340,-0.039136,-0.975970,-0.215302,-0.454226,-2.901967,-8.573108,L,left,0.477461,0.008747,0.501704,-0.053087,-0.036819,-0.982752,-0.311595,-0.459385,-2.819758
0.337745,0.019123,0.477502,-0.008502,-0.512929,-0.464678,-0.196348,-0.490621,-2.922126,0.508816,-0.015267,0.506786,-0.143085,0.074320,-1.145971,-0.547683,-0.444414,-2.607762,1,0.419772,0.002634,0.491543,-0.089975,-0.217275,-0.764379,-0.363492,-0.505443,-2.783700,-11.239771,M,left,0.419772,-0.007366,0.491543,-0.138603,-0.211253,-0.776504,-0.461016,-0.516082,-2.702799
0.326640,0.018034,0.469160,-0.015699,-0.546046,-0.416081,-0.205424,-0.506973,-2.916430,0.498100,0.021971,0.481705,0.008315,0.052536,-1.020454,-0.158316,-0.497708,-2.954555,1,0.398163,0.019676,0.474393,0.005927,-0.273876,-0.648942,-0.150924,-0.542568,-2.964684,-33.959388,S,left,0.398163,0.009676,0.474393,-0.049207,-0.271960,-0.653932,-0.256195,-0.548451,-2.880456
0.320151,-0.011625,0.440744,-0.221194,-0.494732,-0.377440,-0.516908,-0.649144,-2.695208,0.499447,-0.011144,0.467801,-0.105301,0.083342,-1.023406,-0.366914,-0.548773,-2.789912,1,0.381281,-0.011461,0.449969,-0.150958,-0.279404,-0.575026,-0.397197,-0.641515,-2.787812,5.477542,L,left,0.381281,-0.021461,0.449969,-0.199754,-0.271343,-0.586969,-0.475519,-0.653569,-2.729749
0.358987,0.024007,0.526068,-0.021026,-0.486280,-0.634650,-0.305396,-0.354280,-2.809718,0.576229,0.040914,0.471141,0.060331,0.320607,-1.340456,-0.055368,-0.441393,-3.038080,1,0.433104,0.029775,0.507329,0.046457,-0.196227,-0.823187,-0.087476,-0.442670,-3.010607,-1.753766,S,left,0.433104,0.019775,0.507329,-0.008769,-0.195865,-0.826754,-0.215095,-0.446600,-2.901281
0.342222,-0.017082,0.448752,-0.226300,-0.416523,-0.463143,-0.529632,-0.644612,-2.683363,0.484891,0.039427,0.442226,0.078988,0.071967,-0.917748,-0.008843,-0.614917,-3.078860,1,0.410263,0.009868,0.445640,-0.031584,-0.178428,-0.649551,-0.193084,-0.640927,-2.942938,-32.612869,S,left,0.410263,-0.000132,0.445640,-0.077458,-0.175707,-0.654640,-0.268688,-0.646358,-2.887209
0.372245,0.033122,0.495599,0.098067,-0.400695,-0.602630,0.031382,-0.457541,-3.112124,0.510941,-0.015862,0.435478,-0.105056,0.168840,-1.027552,-0.324996,-0.625262,-2.840035,1,0.424560,0.014646,0.472922,-0.018130,-0.178047,-0.737863,-0.194469,-0.552659,-2.930790,-23.769697,S,left,0.424560,0.004646,0.472922,-0.065341,-0.175552,-0.743529,-0.283061,-0.558440,-2.860343
0.375569,0.017231,0.510077,-0.044509,-0.405267,-0.650820,-0.316242,-0.422372,-2.809794,0.538406,0.047831,0.439083,0.091544,0.244262,-1.134072,0.013653,-0.570911,-3.096179,1,0.476544,0.036206,0.466054,0.068823,0.006215,-0.914625,-0.028975,-0.552446,-3.062542,37.389452,S,left,0.476544,0.026206,0.466054,0.030308,0.004844,-0.913726,-0.101791,-0.553959,-3.004831
0.374667,-0.001810,0.443731,-0.101215,-0.297026,-0.534241,-0.307250,-0.650455,-2.858945,0.544829,0.030894,0.518104,0.023589,0.168375,-1.275444,-0.172303,-0.358283,-2.930671,1,0.468387,0.016202,0.484693,-0.013993,-0.048032,-0.913470,-0.201756,-0.507301,-2.919509,-28.427383,M,left,0.468387,0.006202,0.484693,-0.055250,-0.045893,-0.919068,-0.285617,-0.512116,-2.850462
0.328795,0.021577,0.439683,0.035701,-0.476571,-0.369323,-0.083316,-0.616296,-3.022842,0.577189,0.004292,0.503962,-0.071046,0.297266,-1.422107,-0.442193,-0.367118,-2.686735,1,0.446793,0.013366,0.470218,-0.021304,-0.098469,-0.812564,-0.198842,-0.557933,-2.927927,5.834553,S,left,0.446793,0.003366,0.470218,-0.063810,-0.096138,-0.817882,-0.278039,-0.562969,-2.865171
0.370676,0.026956,0.439033,0.059781,-0.306434,-0.504113,-0.039952,-0.650487,-3.056412,0.538353,0.037315,0.449729,0.058848,0.225813,-1.142489,-0.048504,-0.544491,-3.046816,1,0.430282,0.030639,0.442835,0.060078,-0.105263,-0.714201,-0.039934,-0.641568,-3.056179,-18.605386,S,left,0.430282,0.020639,0.442835,0.017418,-0.106294,-0.713806,-0.110663,-0.643279,-3.004240
0.354657,0.025371,0.454550,0.053006,-0.401795,-0.474361,-0.056004,-0.585195,-3.042262,0.560580,0.023522,0.454119,0.012263,0.288975,-1.245254,-0.147028,-0.508718,-2.964860,1,0.470226,0.024333,0.454308,0.025895,0.003035,-0.874271,-0.103866,-0.591758,-3.005671,0.845090,M,left,0.470226,0.014333,0.454308,-0.012007,0.003242,-0.875835,-0.171171,-0.594389,-2.953949
0.351816,-0.003082,0.468768,-0.154370,-0.428254,-0.513636,-0.455519,-0.562947,-2.719684,0.568639,0.010357,0.453027,-0.027519,0.317421,-1.284797,-0.231348,-0.503952,-2.894507,1,0.458433,0.003526,0.461028,-0.056823,-0.043734,-0.845770,-0.255535,-0.585175,-2.886802,-39.407473,M,left,0.458433,-0.006474,0.461028,-0.095818,-0.040306,-0.852555,-0.325091,-0.590636,-2.832705
0.312385,0.006680,0.446089,-0.105793,-0.558384,-0.340973,-0.345534,-0.587064,-2.815623,0.556131,0.025860,0.467382,0.017656,0.257762,-1.242375,-0.143419,-0.480040,-2.965494,1,0.470900,0.019154,0.459936,0.004979,-0.003970,-0.884799,-0.144681,-0.576356,-2.972741,9.187904,M,left,0.470900,0.009154,0.459936,-0.033230,-0.002934,-0.887817,-0.214057,-0.579699,-2.918670
0.324882,0.009696,0.469927,-0.099460,-0.549726,-0.423703,-0.376572,-0.515953,-2.774793,0.507165,0.007215,0.525785,-0.075403,0.041646,-1.154687,-0.440280,-0.379461,-2.690836,1,0.410675,0.008528,0.496217,-0.067311,-0.257692,-0.738205,-0.326992,-0.485636,-2.811007,-27.539996,M,left,0.410675,-0.001472,0.496217,-0.120597,-0.252146,-0.750153,-0.438075,-0.496425,-2.717802
0.330431,0.020136,0.489817,-0.019412,-0.561920,-0.469650,-0.243570,-0.439952,-2.875865,0.489839,0.004269,0.438841,-0.043315,0.092312,-0.935391,-0.216701,-0.627912,-2.923395,1,0.419751,0.011246,0.461254,-0.029895,-0.174797,-0.704331,-0.204489,-0.590533,-2.927609,7.656188,M,left,0.419751,0.001246,0.461254,-0.075995,-0.171993,-0.710022,-0.286007,-0.596359,-2.864734
0.312435,0.019566,0.459809,0.004031,-0.592782,-0.354765,-0.161173,-0.518376,-2.954110,0.560003,0.030655,0.466699,0.032212,0.271349,-1.258481,-0.112775,-0.475992,-2.990942,1,0.474410,0.026821,0.464316,0.033279,0.000658,-0.903241,-0.095228,-0.559999,-3.010401,-11.837862,S,left,0.474410,0.016821,0.464316,-0.005188,0.000649,-0.904622,-0.166967,-0.562567,-2.953826
0.299538,0.025783,0.461943,0.092762,-0.657272,-0.319220,0.018448,-0.484248,-3.100885,0.550814,0.001556,0.465477,-0.057462,0.246140,-1.225946,-0.297746,-0.498423,-2.838028,1,0.392790,0.016792,0.463255,-0.005659,-0.274087,-0.613821,-0.163707,-0.578474,-2.958051,20.825452,L,left,0.392790,0.006792,0.463255,-0.059495,-0.271826,-0.618879,-0.260711,-0.584543,-2.882613
0.307603,0.006813,0.458473,-0.136692,-0.602914,-0.356708,-0.436590,-0.540747,-2.729834,0.483329,-0.005248,0.489233,-0.099900,0.001998,-0.993541,-0.389601,-0.499286,-2.760166,1,0.427630,-0.001425,0.479483,-0.096477,-0.172194,-0.770914,-0.352498,-0.543414,-2.800698,-17.760301,L,left,0.427630,-0.011425,0.479483,-0.141325,-0.166482,-0.781712,-0.436953,-0.552701,-2.732550
0.379419,0.014605,0.496822,-0.045203,-0.374473,-0.634690,-0.288474,-0.467351,-2.840942,0.546309,0.044291,0.510836,0.077302,0.181182,-1.268107,-0.018559,-0.373812,-3.068992,1,0.454745,0.028004,0.503147,0.033716,-0.117377,-0.891933,-0.114466,-0.453811,-2.988137,-27.024885,L,left,0.454745,0.018004,0.503147,-0.014478,-0.116763,-0.895608,-0.223267,-0.457660,-2.895536
0.369353,0.009532,0.510019,-0.111586,-0.422788,-0.647484,-0.479751,-0.432031,-2.666078,0.522528,0.006749,0.434558,-0.032884,0.199694,-1.061526,-0.204549,-0.607933,-2.929872,1,0.422185,0.008572,0.483992,-0.053875,-0.201293,-0.752313,-0.277386,-0.522712,-2.859024,25.646572,M,left,0.422185,-0.001428,0.483992,-0.102384,-0.197014,-0.761283,-0.372520,-0.530915,-2.781394
0.363960,-0.018155,0.455016,-0.208232,-0.345540,-0.540026,-0.505753,-0.632584,-2.698795,0.501663,0.010639,0.450821,-0.024271,0.108685,-0.994284,-0.196454,-0.583327,-2.932962,1,0.422188,-0.005979,0.453242,-0.102724,-0.146926,-0.711211,-0.320901,-0.625247,-2.843204,9.760533,M,left,0.422188,-0.015979,0.453242,-0.145361,-0.141538,-0.720286,-0.392096,-0.633062,-2.789599
0.297913,0.000577,0.442000,-0.181451,-0.608493,-0.303706,-0.480812,-0.599209,-2.708899,0.487160,0.022488,0.472026,0.013674,0.030219,-0.963167,-0.138431,-0.531651,-2.973812,1,0.398857,0.012265,0.458016,-0.026625,-0.242175,-0.627654,-0.196024,-0.599148,-2.935295,44.225824,M,left,0.398857,0.002265,0.458016,-0.077140,-0.239248,-0.633420,-0.284137,-0.605577,-2.867890
0.371980,0.008902,0.489883,-0.081581,-0.390604,-0.603518,-0.354871,-0.491308,-2.788248,0.535498,0.006474,0.465784,-0.042122,0.195269,-1.156246,-0.257776,-0.513064,-2.873795,1,0.442976,0.007848,0.479420,-0.049886,-0.123702,-0.816774,-0.263707,-0.534499,-2.872163,-43.896888,L,left,0.442976,-0.002152,0.479420,-0.093595,-0.120022,-0.824581,-0.348020,-0.541209,-2.803949
0.281057,0.022595,0.509924,0.097251,-0.811995,-0.375561,0.048347,-0.273420,-3.130612,0.510031,0.023385,0.501559,0.006390,0.068197,-1.100582,-0.184391,-0.434456,-2.926547,1,0.388713,0.022966,0.505991,0.009717,-0.353459,-0.675898,-0.175488,-0.436924,-2.934479,-22.417836,L,left,0.388713,0.012966,0.505991,-0.061980,-0.350079,-0.685951,-0.341870,-0.446237,-2.791209
0.371579,0.029421,0.508609,0.065939,-0.421173,-0.625293,-0.044874,-0.414568,-3.046452,0.554232,0.049945,0.456627,0.094004,0.269336,-1.223810,0.020258,-0.506289,-3.102136,1,0.455312,0.038830,0.484779,0.086066,-0.089844,-0.864341,0.003986,-0.506499,-3.088784,-41.397186,S,left,0.455312,0.028830,0.484779,0.041593,-0.091785,-0.862826,-0.087039,-0.507579,-3.014117
0.374293,-0.000214,0.485854,-0.132591,-0.370432,-0.613499,-0.446815,-0.517324,-2.715308,0.517674,0.018496,0.493386,-0.009967,0.102589,-1.119415,-0.215223,-0.452478,-2.901835,1,0.422268,0.006046,0.488374,-0.069385,-0.206075,-0.762973,-0.315578,-0.511656,-2.825314,12.076489,L,left,0.422268,-0.003954,0.488374,-0.117967,-0.201033,-0.773396,-0.412418,-0.520910,-2.745517
0.314355,0.012468,0.445723,-0.050865,-0.552615,-0.339395,-0.245931,-0.581599,-2.893815,0.506739,0.041411,0.479704,0.079290,0.085183,-1.052320,-0.010133,-0.493565,-3.077125,1,0.431004,0.030017,0.466327,0.055119,-0.145197,-0.748028,-0.053592,-0.568061,-3.043540,21.831216,S,left,0.431004,0.020017,0.466327,0.009298,-0.145887,-0.748499,-0.138042,-0.570321,-2.977410
0.325469,0.023685,0.440180,0.053384,-0.491894,-0.359551,-0.053351,-0.609852,-3.045173,0.573893,0.004877,0.447246,-0.042148,0.342859,-1.304637,-0.258191,-0.512294,-2.873336,1,0.482416,0.011803,0.444644,-0.018875,0.058204,-0.910817,-0.178048,-0.614970,-2.951026,-20.058272,M,left,0.482416,0.001803,0.444644,-0.054185,0.059916,-0.914673,-0.238610,-0.618374,-2.905270
0.356377,0.007912,0.466505,-0.074406,-0.414636,-0.508553,-0.301529,-0.556586,-2.845049,0.567543,0.018037,0.472591,-0.009629,0.289368,-1.304230,-0.213612,-0.454337,-2.903429,1,0.474710,0.013586,0.469915,-0.019285,-0.006409,-0.914903,-0.198355,-0.547541,-2.927054,36.392193,M,left,0.474710,0.003586,0.469915,-0.057748,-0.004348,-0.919867,-0.271355,-0.551847,-2.868709
0.285737,0.008059,0.446979,-0.155486,-0.684404,-0.274005,-0.469355,-0.548551,-2.704168,0.547046,0.022450,0.454784,0.010504,0.244914,-1.185913,-0.146606,-0.524043,-2.966526,1,0.402149,0.014470,0.450456,-0.012220,-0.216646,-0.626837,-0.164560,-0.623117,-2.962177,28.717096,M,left,0.402149,0.004470,0.450456,-0.060982,-0.214511,-0.631242,-0.246978,-0.628342,-2.900493
0.325108,0.020835,0.485188,-0.006976,-0.578720,-0.443130,-0.210700,-0.447029,-2.905116,0.567684,0.014000,0.525294,-0.054078,0.247065,-1.416580,-0.450092,-0.320144,-2.670925,1,0.460427,0.017022,0.507561,-0.021387,-0.102319,-0.925266,-0.246012,-0.444229,-2.874289,-38.046057,L,left,0.460427,0.007022,0.507561,-0.067851,-0.099201,-0.933898,-0.352658,-0.450710,-2.782571
0.332513,0.013883,0.475128,-0.059243,-0.528758,-0.450285,-0.300919,-0.499588,-2.835547,0.501735,0.035406,0.486662,0.057777,0.058923,-1.041646,-0.056876,-0.478582,-3.037935,1,0.444212,0.028090,0.482741,0.040847,-0.126211,-0.819704,-0.087202,-0.516297,-3.014429,34.604833,S,left,0.444212,0.018090,0.482741,-0.005130,-0.126197,-0.821624,-0.179437,-0.519366,-2.939242
0.378114,0.005284,0.483455,-0.092707,-0.356855,-0.612085,-0.360771,-0.518132,-2.788581,0.563865,-0.006715,0.523994,-0.127533,0.247796,-1.436351,-0.675657,-0.340369,-2.462290,1,0.504561,-0.002884,0.511051,-0.102255,0.049122,-1.121025,-0.460952,-0.426868,-2.681828,-6.493413,M,left,0.504561,-0.012884,0.511051,-0.139580,0.055360,-1.136096,-0.550504,-0.435057,-2.602803
0.366953,0.024225,0.460949,0.040655,-0.366405,-0.523991,-0.079907,-0.571634,-3.023087,0.534143,0.038011,0.484017,0.059636,0.167564,-1.170471,-0.055018,-0.458343,-3.038878,1,0.472498,0.032928,0.475511,0.056303,-0.021486,-0.912226,-0.054935,-0.527584,-3.041120,-16.587278,L,left,0.472498,0.022928,0.475511,0.016084,-0.022305,-0.912435,-0.134142,-0.529613,-2.977122
0.352675,0.026051,0.469130,0.055601,-0.437502,-0.492237,-0.055939,-0.531582,-3.040442,0.569172,0.000376,0.442113,-0.053454,0.335429,-1.278423,-0.271641,-0.532833,-2.865390,1,0.436599,0.016098,0.458657,-0.006088,-0.113967,-0.758070,-0.160616,-0.594188,-2.962090,17.703543,L,left,0.436599,0.006098,0.458657,-0.049093,-0.112321,-0.761973,-0.236501,-0.598476,-2.903809
0.371009,0.013665,0.436898,-0.014458,-0.300863,-0.503529,-0.159812,-0.661961,-2.970008,0.487894,0.038734,0.531908,0.071621,-0.033678,-1.068275,-0.035371,-0.358922,-3.053780,1,0.442501,0.028998,0.495010,0.043077,-0.148718,-0.833957,-0.088508,-0.479517,-3.011494,-37.260093,S,left,0.442501,0.018998,0.495010,-0.005945,-0.148591,-0.836474,-0.193717,-0.482892,-2.923491
0.284281,0.007335,0.452294,-0.185088,-0.698646,-0.288520,-0.544823,-0.535195,-2.635592,0.508385,0.013887,0.442036,-0.011521,0.143206,-1.009738,-0.168812,-0.600300,-2.956423,1,0.393080,0.010516,0.447314,-0.031905,-0.241961,-0.593009,-0.195435,-0.634113,-2.940280,-5.963852,L,left,0.393080,0.000516,0.447314,-0.081958,-0.238934,-0.598547,-0.278561,-0.640390,-2.878651
0.373853,0.029822,0.486182,0.071736,-0.381987,-0.589288,-0.026178,-0.489541,-3.063782,0.501231,-0.015123,0.446940,-0.109021,0.120572,-1.002581,-0.342417,-0.604241,-2.821842,1,0.446806,0.004081,0.463707,-0.057803,-0.086226,-0.807188,-0.258775,-0.581587,-2.883659,-26.891595,M,left,0.446806,-0.005919,0.463707,-0.098725,-0.082611,-0.814265,-0.332059,-0.587567,-2.826513
0.308592,0.020818,0.437246,0.033374,-0.561405,-0.302598,-0.089606,-0.598405,-3.017042,0.530348,0.044582,0.441734,0.083692,0.214440,-1.101570,-0.000785,-0.573552,-3.084902,1,0.388118,0.029340,0.438855,0.066798,-0.241781,-0.562697,-0.028213,-0.656379,-3.065081,4.747594,M,left,0.388118,0.019340,0.438855,0.015566,-0.242959,-0.562349,-0.111538,-0.658127,-3.004742
0.331268,-0.005420,0.468193,-0.202555,-0.505038,-0.462139,-0.557577,-0.559902,-2.632085,0.513357,0.003171,0.434413,-0.044381,0.172395,-1.024900,-0.221340,-0.618883,-2.918551,1,0.399641,-0.002194,0.455509,-0.097116,-0.230040,-0.635357,-0.314771,-0.617021,-2.846247,20.457770,S,left,0.399641,-0.012194,0.455509,-0.144682,-0.224369,-0.644731,-0.394829,-0.626145,-2.785672
0.370473,-0.002003,0.465327,-0.123474,-0.352813,-0.559606,-0.383189,-0.579814,-2.783591,0.499035,0.051010,0.468712,0.116341,0.078588,-1.010471,0.063416,-0.529618,-3.136689,1,0.416640,0.017034,0.466542,-0.004595,-0.195325,-0.699573,-0.163536,-0.571443,-2.957457,-13.193372,L,left,0.416640,0.007034,0.466542,-0.052792,-0.193411,-0.704134,-0.251450,-0.576604,-2.888664
0.319592,-0.000904,0.459190,-0.177523,-0.543926,-0.401868,-0.498178,-0.568078,-2.685270,0.546196,0.045692,0.481003,0.082901,0.211909,-1.219729,-0.002770,-0.452863,-3.083158,1,0.395899,0.014787,0.466535,-0.017670,-0.268338,-0.630200,-0.188361,-0.569646,-2.937668,29.698798,M,left,0.395899,0.004787,0.466535,-0.070933,-0.265538,-0.636154,-0.285489,-0.576371,-2.861536
0.323022,-0.001790,0.466902,-0.191546,-0.540617,-0.432092,-0.543540,-0.550440,-2.641268,0.545038,0.034014,0.445402,0.047621,0.252530,-1.165841,-0.069625,-0.548376,-3.030117,1,0.401097,0.010801,0.459341,-0.034277,-0.236330,-0.637907,-0.210683,-0.596012,-2.923523,28.068850,S,left,0.401097,0.000801,0.459341,-0.084231,-0.233098,-0.644146,-0.298138,-0.602754,-2.856407
0.351378,-0.000164,0.442358,-0.107471,-0.383172,-0.456721,-0.320814,-0.643683,-2.847211,0.520273,0.010733,0.517683,-0.053345,0.089982,-1.184181,-0.367236,-0.389058,-2.758885,1,0.451955,0.006325,0.487215,-0.059067,-0.103727,-0.863645,-0.294376,-0.510702,-2.842909,41.447742,L,left,0.451955,-0.003675,0.487215,-0.102035,-0.099598,-0.872613,-0.380709,-0.517871,-2.771705
0.324614,0.011864,0.485171,-0.111929,-0.573496,-0.459195,-0.445646,-0.465799,-2.704117,0.507508,0.016072,0.504752,-0.023653,0.057538,-1.100014,-0.259167,-0.430298,-2.861047,1,0.379910,0.013137,0.491091,-0.049080,-0.364589,-0.625348,-0.286080,-0.486711,-2.845999,6.701597,M,left,0.379910,0.003137,0.491091,-0.113389,-0.358935,-0.637589,-0.419612,-0.499158,-2.734372
0.380501,-0.012726,0.471468,-0.178504,-0.317436,-0.616622,-0.491207,-0.578785,-2.694258,0.575960,0.046304,0.487717,0.076664,0.303181,-1.365138,-0.019086,-0.398785,-3.068751,1,0.452786,0.009105,0.477477,-0.041912,-0.088473,-0.847839,-0.246739,-0.536906,-2.886407,38.849028,L,left,0.452786,-0.000895,0.477477,-0.083927,-0.085254,-0.854864,-0.327615,-0.542850,-2.821125
0.372925,-0.017341,0.439698,-0.179308,-0.284683,-0.537459,-0.424435,-0.679525,-2.777356,0.559914,0.007532,0.502521,-0.056624,0.237020,-1.329975,-0.374250,-0.391272,-2.752933,1,0.443376,-0.007970,0.463368,-0.108103,-0.092417,-0.803225,-0.347627,-0.591170,-2.814840,-39.281999,M,left,0.443376,-0.017970,0.463368,-0.148127,-0.086919,-0.813046,-0.417861,-0.598843,-2.760198
0.379603,0.000296,0.452812,-0.093417,-0.297964,-0.563243,-0.306806,-0.620151,-2.853069,0.572009,-0.002499,0.472286,-0.072866,0.309419,-1.338517,-0.360642,-0.455960,-2.776560,1,0.490068,-0.001309,0.463992,-0.071033,0.054947,-0.972767,-0.292865,-0.560932,-2.852856,-35.037461,S,left,0.490068,-0.011309,0.463992,-0.106266,0.058760,-0.980567,-0.358264,-0.566117,-2.800786
0.360553,0.028290,0.483066,0.067107,-0.429081,-0.541756,-0.035927,-0.490096,-3.055698,0.483907,0.020060,0.497921,-0.003405,-0.013620,-0.992953,-0.196406,-0.461378,-2.918920,1,0.437514,0.023155,0.492334,0.015713,-0.162444,-0.812721,-0.144957,-0.489622,-2.964981,26.653388,M,left,0.437514,0.013155,0.492334,-0.033280,-0.161111,-0.817296,-0.247876,-0.494365,-2.879381
0.322857,0.016058,0.485144,-0.069724,-0.584974,-0.445584,-0.354912,-0.453651,-2.781135,0.517947,0.006820,0.505927,-0.060046,0.093572,-1.152636,-0.354422,-0.424013,-2.776300,1,0.430748,0.010949,0.496638,-0.048210,-0.189142,-0.803805,-0.285891,-0.483619,-2.845674,-39.336299,M,left,0.430748,0.000949,0.496638,-0.097442,-0.184840,-0.813686,-0.389640,-0.492046,-2.758598
0.306085,0.015905,0.447994,-0.026944,-0.597115,-0.316396,-0.210110,-0.556411,-2.918722,0.534928,0.041102,0.440325,0.071768,0.229927,-1.118282,-0.022664,-0.572435,-3.067831,1,0.386481,0.024757,0.445300,0.042671,-0.262161,-0.565179,-0.069539,-0.634403,-3.034069,-26.136320,S,left,0.386481,0.014757,0.445300,-0.010127,-0.262230,-0.566473,-0.157805,-0.637457,-2.968800
0.356608,0.015320,0.434093,-0.005396,-0.349433,-0.451762,-0.144647,-0.664132,-2.981253,0.498813,-0.010505,0.509481,-0.130979,0.035948,-1.105282,-0.520101,-0.441006,-2.631849,1,0.431868,0.001653,0.473992,-0.077354,-0.151197,-0.772853,-0.307325,-0.556470,-2.840318,44.897692,M,left,0.431868,-0.008347,0.473992,-0.121437,-0.146432,-0.781990,-0.388983,-0.564378,-2.775232
0.336588,0.009141,0.465979,-0.082479,-0.493996,-0.447799,-0.325815,-0.540887,-2.822229,0.564592,-0.001954,0.454927,-0.064198,0.304693,-1.275664,-0.306417,-0.508516,-2.832447,1,0.407354,0.005697,0.462549,-0.059734,-0.218563,-0.666936,-0.259120,-0.589623,-2.884705,-44.971702,M,left,0.407354,-0.004303,0.462549,-0.107891,-0.214342,-0.674688,-0.343949,-0.597334,-2.819118
0.322977,-0.008655,0.442675,-0.199037,-0.490636,-0.384577,-0.484766,-0.638327,-2.717587,0.569704,0.017925,0.532651,-0.048190,0.249573,-1.442884,-0.465544,-0.296390,-2.652359,1,0.427847,0.002642,0.480919,-0.078562,-0.175302,-0.770654,-0.320696,-0.535933,-2.825512,14.691423,L,left,0.427847,-0.007358,0.480919,-0.124324,-0.170238,-0.780602,-0.408206,-0.544620,-2.754629
0.298293,0.011367,0.462396,-0.122475,-0.656015,-0.336243,-0.433964,-0.506192,-2.723653,0.543682,0.022143,0.484033,0.003318,0.197754,-1.212820,-0.184725,-0.451960,-2.927950,1,0.396498,0.015679,0.471055,-0.014870,-0.273962,-0.639296,-0.187563,-0.554773,-2.936567,41.789168,S,left,0.396498,0.005679,0.471055,-0.069054,-0.271179,-0.645437,-0.288719,-0.561638,-2.856330
0.376000,0.007922,0.502277,-0.101830,-0.389592,-0.646919,-0.427942,-0.458668,-2.718123,0.566597,0.050327,0.512571,0.093798,0.249964,-1.364931,0.028375,-0.345838,-3.111137,1,0.446232,0.023548,0.506070,0.011582,-0.149705,-0.868158,-0.167068,-0.447978,-2.942720,0.614427,M,left,0.446232,0.013548,0.506070,-0.038717,-0.147917,-0.874255,-0.281769,-0.453316,-2.844605
0.346257,-0.008159,0.462539,-0.185493,-0.434825,-0.491531,-0.497320,-0.588221,-2.691943,0.519300,0.026842,0.458521,0.027535,0.152048,-1.072449,-0.109044,-0.542735,-2.998317,1,0.423262,0.007417,0.460751,-0.046717,-0.161096,-0.717576,-0.233867,-0.593793,-2.905153,-29.835655,M,left,0.423262,-0.002583,0.460751,-0.091625,-0.157686,-0.724137,-0.312776,-0.600099,-2.844378
0.372332,-0.011727,0.473686,-0.185083,-0.351033,-0.596184,-0.512031,-0.569785,-2.674077,0.484124,0.048441,0.476509,0.113600,0.019045,-0.962620,0.059216,-0.517813,-3.133715,1,0.441016,0.025239,0.475420,0.029828,-0.126382,-0.796987,-0.105164,-0.539589,-3.001225,8.233891,M,left,0.441016,0.015239,0.475420,-0.015331,-0.125985,-0.799361,-0.192162,-0.542971,-2.931504
0.320655,0.018808,0.457598,0.001098,-0.551193,-0.375364,-0.161138,-0.539474,-2.956165,0.577201,0.050084,0.532567,0.090527,0.272509,-1.453788,0.023060,-0.279459,-3.106967,1,0.466735,0.036617,0.500286,0.071628,-0.072507,-0.930737,-0.028106,-0.457586,-3.061682,-19.646952,M,left,0.466735,0.026617,0.500286,0.026027,-0.073727,-0.930729,-0.130498,-0.459425,-2.974861
0.342428,0.024128,0.472864,0.041686,-0.486176,-0.467369,-0.086683,-0.508636,-3.014463,0.570882,0.051975,0.445739,0.095299,0.337609,-1.287200,0.022710,-0.511194,-3.104083,1,0.494601,0.042677,0.454796,0.087547,0.082536,-0.971281,0.006292,-0.571944,-3.090425,-17.428839,S,left,0.494601,0.032677,0.454796,0.052244,0.080412,-0.968886,-0.058464,-0.572930,-3.039902
0.306512,0.030514,0.527865,0.004579,-0.703700,-0.494731,-0.297158,-0.273100,-2.807622,0.550942,0.027832,0.524880,0.006269,0.184346,-1.318518,-0.237386,-0.334906,-2.869508,1,0.473171,0.028685,0.525829,0.025504,-0.078848,-1.002213,-0.156174,-0.383663,-2.947031,27.950455,S,left,0.473171,0.018685,0.525829,-0.025490,-0.077283,-1.009188,-0.291181,-0.388388,-2.827131
0.349875,0.032674,0.471786,0.109808,-0.451310,-0.489826,0.051401,-0.520078,-3.127285,0.561683,-0.010187,0.446392,-0.085251,0.308948,-1.256522,-0.334132,-0.536147,-2.814437,1,0.442489,0.013933,0.460682,-0.015850,-0.097571,-0.782673,-0.179956,-0.587371,-2.946335,30.728867,L,left,0.442489,0.003933,0.460682,-0.057959,-0.095566,-0.787184,-0.254974,-0.591932,-2.888342
0.361745,0.014928,0.474034,-0.029562,-0.409149,-0.533539,-0.225538,-0.528375,-2.902545,0.508980,0.031314,0.444748,0.045639,0.141067,-1.013986,-0.068905,-0.588777,-3.032449,1,0.427670,0.022265,0.460921,0.021154,-0.148074,-0.728534,-0.113185,-0.586811,-2.998126,-44.905322,M,left,0.427670,0.012265,0.460921,-0.024192,-0.147410,-0.731009,-0.194219,-0.590358,-2.935587
0.306974,-0.007078,0.444695,-0.225183,-0.563539,-0.345884,-0.548799,-0.618628,-2.658750,0.500006,-0.014438,0.477881,-0.121868,0.073975,-1.046489,-0.418396,-0.523963,-2.741154,1,0.411203,-0.011052,0.462614,-0.136935,-0.197336,-0.694233,-0.394322,-0.603107,-2.780248,4.557731,M,left,0.411203,-0.021052,0.462614,-0.181262,-0.190262,-0.705833,-0.469878,-0.613460,-2.722063
0.299381,-0.004025,0.437496,-0.206884,-0.586554,-0.304581,-0.507354,-0.627207,-2.695760,0.525935,-0.009252,0.489755,-0.105999,0.142297,-1.169982,-0.429254,-0.468182,-2.719052,1,0.428147,-0.006995,0.467199,-0.112803,-0.149501,-0.755606,-0.360667,-0.583569,-2.802687,-4.068652,M,left,0.428147,-0.016995,0.467199,-0.155478,-0.143521,-0.766116,-0.436072,-0.592427,-2.743692
0.326790,0.020843,0.485528,-0.006183,-0.571972,-0.448580,-0.208358,-0.448136,-2.907256,0.578620,-0.017324,0.506232,-0.143241,0.315346,-1.475864,-0.665396,-0.371337,-2.479718,1,0.495963,-0.004797,0.499436,-0.102104,0.032237,-1.062777,-0.423556,-0.464202,-2.723180,-12.253790,M,left,0.495963,-0.014797,0.499436,-0.139051,0.038036,-1.075819,-0.505035,-0.471943,-2.653086
0.293386,0.020444,0.488693,-0.120157,-0.718268,-0.389076,-0.539448,-0.403335,-2.605135,0.558300,-0.013884,0.450187,-0.097559,0.294612,-1.249411,-0.361352,-0.532767,-2.791122,1,0.391370,0.007747,0.474451,-0.062416,-0.295903,-0.633342,-0.282257,-0.548031,-2.859213,38.947147,S,left,0.391370,-0.002253,0.474451,-0.116906,-0.290846,-0.642972,-0.384159,-0.558011,-2.777732
0.347683,0.026579,0.465158,0.062566,-0.450346,-0.469829,-0.041615,-0.540864,-3.052222,0.562695,0.047987,0.484182,0.085908,0.263029,-1.298731,0.004308,-0.424983,-3.089240,1,0.486385,0.040389,0.477431,0.081714,0.022430,-0.969216,-0.004866,-0.513901,-3.081543,-15.660806,M,left,0.486385,0.030389,0.477431,0.043017,0.020577,-0.967552,-0.082998,-0.515090,-3.017802
0.289589,0.003863,0.434119,-0.155761,-0.634767,-0.258844,-0.426746,-0.607082,-2.755203,0.485207,0.019875,0.518674,-0.014636,-0.030800,-1.037852,-0.252543,-0.402985,-2.863424,1,0.358302,0.009487,0.463820,-0.060006,-0.403122,-0.507904,-0.269850,-0.565037,-2.872104,43.400775,M,left,0.358302,-0.000513,0.463820,-0.124513,-0.397328,-0.518182,-0.386770,-0.577257,-2.780074
0.339999,-0.009525,0.440951,-0.175542,-0.417658,-0.430173,-0.432229,-0.654998,-2.764214,0.525484,0.038329,0.486304,0.062699,0.136842,-1.137658,-0.047940,-0.460296,-3.044930,1,0.431964,0.014201,0.463437,-0.016083,-0.137409,-0.749151,-0.182090,-0.581191,-2.943954,10.234244,S,left,0.431964,0.004201,0.463437,-0.060387,-0.135256,-0.753954,-0.261701,-0.586167,-2.882100
0.340778,0.023590,0.457448,0.043229,-0.464366,-0.435256,-0.076283,-0.562280,-3.025473,0.481306,0.041368,0.526476,0.088111,-0.050294,-1.033525,0.010776,-0.376882,-3.095091,1,0.434112,0.035397,0.503294,0.077601,-0.186854,-0.819728,-0.014770,-0.454138,-3.072963,4.325365,L,left,0.434112,0.025397,0.503294,0.023616,-0.188117,-0.819992,-0.136874,-0.456077,-2.969193
0.357095,0.011028,0.453526,-0.042452,-0.388969,-0.484820,-0.224795,-0.597803,-2.912812,0.488031,-0.018777,0.435495,-0.119971,0.099813,-0.938522,-0.340331,-0.647819,-2.833239,1,0.430509,-0.005683,0.443416,-0.093338,-0.101605,-0.725706,-0.293122,-0.652517,-2.870017,11.441338,S,left,0.430509,-0.015683,0.443416,-0.133958,-0.096874,-0.733664,-0.358785,-0.659043,-2.821838
0.377458,0.025950,0.437747,0.052326,-0.278609,-0.524907,-0.051702,-0.657757,-3.048109,0.493461,0.036255,0.456430,0.065084,0.074885,-0.967061,-0.035133,-0.568766,-3.058018,1,0.422785,0.029976,0.445047,0.059020,-0.134619,-0.690274,-0.041997,-0.636175,-3.054508,-5.359289,S,left,0.422785,0.019976,0.445047,0.014728,-0.135577,-0.690060,-0.115960,-0.638000,-2.999917
0.348602,0.012547,0.497643,-0.090982,-0.492093,-0.551842,-0.411120,-0.448079,-2.730720,0.499290,-0.013765,0.498595,-0.133636,0.049053,-1.085524,-0.493017,-0.470865,-2.663478,1,0.420505,-0.000008,0.498097,-0.108846,-0.221149,-0.784168,-0.417308,-0.489569,-2.734202,-16.940569,M,left,0.420505,-0.010008,0.498097,-0.157227,-0.214166,-0.798266,-0.516659,-0.501648,-2.650625
0.348333,0.006461,0.460284,-0.084352,-0.434628,-0.473638,-0.312337,-0.573193,-2.839436,0.576220,0.010789,0.481616,-0.036574,0.310171,-1.364253,-0.296336,-0.422204,-2.827320,1,0.472720,0.008823,0.471927,-0.038603,-0.014970,-0.912562,-0.236970,-0.544795,-2.895498,-44.064171,M,left,0.472720,-0.001177,0.471927,-0.077186,-0.012134,-0.918865,-0.310439,-0.549809,-2.836540
0.326418,-0.001558,0.452301,-0.158130,-0.502803,-0.404326,-0.438938,-0.595589,-2.742204,0.492813,0.026933,0.491877,0.025617,0.022594,-1.015052,-0.128319,-0.471367,-2.977548,1,0.380262,0.007661,0.465107,-0.061011,-0.321123,-0.580760,-0.267869,-0.574062,-2.875192,-17.670742,L,left,0.380262,-0.002339,0.465107,-0.117124,-0.316102,-0.589818,-0.368579,-0.584020,-2.796404
0.375395,0.022080,0.523111,-0.022370,-0.420689,-0.675919,-0.290373,-0.377883,-2.826449,0.495662,0.022597,0.461401,0.015356,0.072892,-0.981473,-0.129826,-0.555620,-2.982676,1,0.431741,0.022322,0.494199,0.011238,-0.184730,-0.796151,-0.156001,-0.484525,-2.955316,-28.820546,L,left,0.431741,0.012322,0.494199,-0.039477,-0.183080,-0.801405,-0.263486,-0.489786,-2.865583
